time,state,target_angle,angle,velocity,motor_command,error
0.000000,MOVE,30.400000,30.001481,0.002563,0.004101,0.398519
0.010000,MOVE,30.800000,30.005708,0.007377,0.007886,0.794292
0.020000,MOVE,31.200000,30.013821,0.014160,0.011390,1.186179
0.030000,MOVE,31.600000,30.026806,0.022663,0.014643,1.573194
0.040000,MOVE,32.000000,30.045518,0.032659,0.017674,1.954482
0.050000,MOVE,32.400000,30.070698,0.043947,0.020507,2.329302
0.060000,MOVE,32.800000,30.102983,0.056348,0.023163,2.697017
0.070000,MOVE,33.200000,30.142917,0.069698,0.025664,3.057083
0.080000,MOVE,33.600000,30.190961,0.083853,0.028026,3.409039
0.090000,MOVE,34.000000,30.247503,0.098684,0.030266,3.752497
0.100000,MOVE,34.400000,30.312864,0.114075,0.032397,4.087136
0.110000,MOVE,34.800000,30.387303,0.129922,0.034432,4.412697
0.120000,MOVE,35.200000,30.471030,0.146131,0.036382,4.728970
0.130000,MOVE,35.600000,30.564205,0.162621,0.038257,5.035795
0.140000,MOVE,36.000000,30.666946,0.179317,0.040067,5.333054
0.150000,MOVE,36.400000,30.779334,0.196153,0.041818,5.620666
0.160000,MOVE,36.800000,30.901414,0.213071,0.043519,5.898586
0.170000,MOVE,37.200000,31.033204,0.230017,0.045175,6.166796
0.180000,MOVE,37.600000,31.174694,0.246945,0.046793,6.425306
0.190000,MOVE,38.000000,31.325848,0.263814,0.048377,6.674152
0.200000,MOVE,38.400000,31.486613,0.280587,0.049932,6.913387
0.210000,MOVE,38.800000,31.656914,0.297231,0.051461,7.143086
0.220000,MOVE,39.200000,31.836661,0.313718,0.052968,7.363339
0.230000,MOVE,39.600000,32.025749,0.330021,0.054457,7.574251
0.240000,MOVE,40.000000,32.224060,0.346119,0.055930,7.775940
0.250000,MOVE,40.400000,32.431467,0.361992,0.057389,7.968533
0.260000,MOVE,40.800000,32.647829,0.377624,0.058837,8.152171
0.270000,MOVE,41.200000,32.873001,0.392998,0.060275,8.326999
0.280000,MOVE,41.600000,33.106827,0.408103,0.061706,8.493173
0.290000,MOVE,42.000000,33.349146,0.422928,0.063131,8.650854
0.300000,MOVE,42.400000,33.599793,0.437462,0.064551,8.800207
0.310000,MOVE,42.800000,33.858598,0.451699,0.065967,8.941402
0.320000,MOVE,43.200000,34.125385,0.465632,0.067380,9.074615
0.330000,MOVE,43.600000,34.399978,0.479255,0.068792,9.200022
0.340000,MOVE,44.000000,34.682196,0.492564,0.070202,9.317804
0.350000,MOVE,44.400000,34.971859,0.505557,0.071612,9.428141
0.360000,MOVE,44.800000,35.268783,0.518230,0.073022,9.531217
0.370000,MOVE,45.200000,35.572785,0.530583,0.074432,9.627215
0.380000,MOVE,45.600000,35.883681,0.542615,0.075844,9.716319
0.390000,MOVE,46.000000,36.201285,0.554324,0.077256,9.798715
0.400000,MOVE,46.400000,36.525415,0.565713,0.078671,9.874585
0.410000,MOVE,46.800000,36.855886,0.576781,0.080087,9.944114
0.420000,MOVE,47.200000,37.192517,0.587531,0.081506,10.007483
0.430000,MOVE,47.600000,37.535125,0.597964,0.082926,10.064875
0.440000,MOVE,48.000000,37.883530,0.608083,0.084350,10.116470
0.450000,MOVE,48.400000,38.237555,0.617889,0.085775,10.162445
0.460000,MOVE,48.800000,38.597021,0.627387,0.087203,10.202979
0.470000,MOVE,49.200000,38.961754,0.636579,0.088634,10.238246
0.480000,MOVE,49.600000,39.331580,0.645469,0.090067,10.268420
0.490000,MOVE,50.000000,39.706329,0.654060,0.091503,10.293671
0.500000,MOVE,50.400000,40.085832,0.662357,0.092941,10.314168
0.510000,MOVE,50.800000,40.469923,0.670364,0.094382,10.330077
0.520000,MOVE,51.200000,40.858436,0.678085,0.095825,10.341564
0.530000,MOVE,51.600000,41.251212,0.685523,0.097271,10.348788
0.540000,MOVE,52.000000,41.648091,0.692685,0.098719,10.351909
0.550000,MOVE,52.400000,42.048918,0.699574,0.100170,10.351082
0.560000,MOVE,52.800000,42.453537,0.706195,0.101622,10.346463
0.570000,MOVE,53.200000,42.861800,0.712552,0.103077,10.338200
0.580000,MOVE,53.600000,43.273557,0.718652,0.104534,10.326443
0.590000,MOVE,54.000000,43.688664,0.724498,0.105993,10.311336
0.600000,MOVE,54.400000,44.106978,0.730096,0.107454,10.293022
0.610000,MOVE,54.800000,44.528361,0.735451,0.108917,10.271639
0.620000,MOVE,55.200000,44.952675,0.740567,0.110381,10.247325
0.630000,MOVE,55.600000,45.379786,0.745451,0.111847,10.220214
0.640000,MOVE,56.000000,45.809565,0.750105,0.113315,10.190435
0.650000,MOVE,56.400000,46.241883,0.754537,0.114784,10.158117
0.660000,MOVE,56.800000,46.676615,0.758751,0.116254,10.123385
0.670000,MOVE,57.200000,47.113640,0.762752,0.117726,10.086360
0.680000,MOVE,57.600000,47.552837,0.766544,0.119199,10.047163
0.690000,MOVE,58.000000,47.994092,0.770134,0.120673,10.005908
0.700000,MOVE,58.400000,48.437289,0.773526,0.122147,9.962711
0.710000,MOVE,58.800000,48.882320,0.776725,0.123623,9.917680
0.720000,MOVE,59.200000,49.329075,0.779735,0.125100,9.870925
0.730000,MOVE,59.600000,49.777451,0.782563,0.126577,9.822549
0.740000,MOVE,60.000000,50.227344,0.785212,0.128055,9.772656
0.750000,MOVE,60.400000,50.678657,0.787688,0.129533,9.721343
0.760000,MOVE,60.800000,51.131291,0.789996,0.131012,9.668709
0.770000,MOVE,61.200000,51.585153,0.792139,0.132491,9.614847
0.780000,MOVE,61.600000,52.040152,0.794123,0.133971,9.559848
0.790000,MOVE,62.000000,52.496199,0.795953,0.135450,9.503801
0.800000,MOVE,62.400000,52.953209,0.797632,0.136930,9.446791
0.810000,MOVE,62.800000,53.411097,0.799166,0.138410,9.388903
0.820000,MOVE,63.200000,53.869783,0.800559,0.139890,9.330217
0.830000,MOVE,63.600000,54.329190,0.801815,0.141370,9.270810
0.840000,MOVE,64.000000,54.789240,0.802939,0.142850,9.210760
0.850000,MOVE,64.400000,55.249861,0.803935,0.144330,9.150139
0.860000,MOVE,64.800000,55.710982,0.804807,0.145810,9.089018
0.870000,MOVE,65.200000,56.172533,0.805560,0.147289,9.027467
0.880000,MOVE,65.600000,56.634450,0.806197,0.148768,8.965550
0.890000,MOVE,66.000000,57.096668,0.806722,0.150246,8.903332
0.900000,MOVE,66.400000,57.559125,0.807140,0.151724,8.840875
0.910000,MOVE,66.800000,58.021762,0.807454,0.153202,8.778238
0.920000,MOVE,67.200000,58.484522,0.807668,0.154679,8.715478
0.930000,MOVE,67.600000,58.947349,0.807786,0.156155,8.652651
0.940000,MOVE,68.000000,59.410192,0.807812,0.157631,8.589808
0.950000,MOVE,68.400000,59.872998,0.807749,0.159107,8.527002
0.960000,MOVE,68.800000,60.335719,0.807600,0.160581,8.464281
0.970000,MOVE,69.200000,60.798307,0.807370,0.162055,8.401693
0.980000,MOVE,69.600000,61.260719,0.807061,0.163528,8.339281
0.990000,MOVE,70.000000,61.722911,0.806677,0.165000,8.277089
1.000000,MOVE,70.400000,62.184842,0.806221,0.166472,8.215158
1.010000,MOVE,70.800000,62.646472,0.805697,0.167942,8.153528
1.020000,MOVE,71.200000,63.107764,0.805107,0.169412,8.092236
1.030000,MOVE,71.600000,63.568682,0.804454,0.170881,8.031318
1.040000,MOVE,72.000000,64.029192,0.803742,0.172349,7.970808
1.050000,MOVE,72.400000,64.489262,0.802973,0.173816,7.910738
1.060000,MOVE,72.800000,64.948861,0.802150,0.175282,7.851139
1.070000,MOVE,73.200000,65.407958,0.801277,0.176747,7.792042
1.080000,MOVE,73.600000,65.866528,0.800355,0.178211,7.733472
1.090000,MOVE,74.000000,66.324543,0.799387,0.179675,7.675457
1.100000,MOVE,74.400000,66.781980,0.798377,0.181137,7.618020
1.110000,MOVE,74.800000,67.238813,0.797326,0.182598,7.561187
1.120000,MOVE,75.200000,67.695023,0.796236,0.184058,7.504977
1.130000,MOVE,75.600000,68.150588,0.795111,0.185517,7.449412
1.140000,MOVE,76.000000,68.605489,0.793952,0.186974,7.394511
1.150000,MOVE,76.400000,69.059708,0.792762,0.188431,7.340292
1.160000,MOVE,76.800000,69.513229,0.791543,0.189887,7.286771
1.170000,MOVE,77.200000,69.966036,0.790297,0.191342,7.233964
1.180000,MOVE,77.600000,70.418115,0.789026,0.192795,7.181885
1.190000,MOVE,78.000000,70.869452,0.787733,0.194248,7.130548
1.200000,MOVE,78.400000,71.320037,0.786418,0.195699,7.079963
1.210000,MOVE,78.800000,71.769857,0.785084,0.197149,7.030143
1.220000,MOVE,79.200000,72.218903,0.783733,0.198599,6.981097
1.230000,MOVE,79.600000,72.667166,0.782367,0.200047,6.932834
1.240000,MOVE,80.000000,73.114638,0.780986,0.201494,6.885362
1.250000,MOVE,80.400000,73.561312,0.779594,0.202940,6.838688
1.260000,MOVE,80.800000,74.007183,0.778191,0.204384,6.792817
1.270000,MOVE,81.200000,74.452245,0.776779,0.205828,6.747755
1.280000,MOVE,81.600000,74.896493,0.775359,0.207271,6.703507
1.290000,MOVE,82.000000,75.339924,0.773934,0.208712,6.660076
1.300000,MOVE,82.400000,75.782536,0.772503,0.210153,6.617464
1.310000,MOVE,82.800000,76.224327,0.771070,0.211592,6.575673
1.320000,MOVE,83.200000,76.665294,0.769634,0.213031,6.534706
1.330000,MOVE,83.600000,77.105439,0.768197,0.214468,6.494561
1.340000,MOVE,84.000000,77.544761,0.766761,0.215905,6.455239
1.350000,MOVE,84.400000,77.983260,0.765326,0.217340,6.416740
1.360000,MOVE,84.800000,78.420939,0.763894,0.218774,6.379061
1.370000,MOVE,85.200000,78.857799,0.762465,0.220208,6.342201
1.380000,MOVE,85.600000,79.293844,0.761041,0.221640,6.306156
1.390000,MOVE,86.000000,79.729075,0.759622,0.223071,6.270925
1.400000,MOVE,86.400000,80.163498,0.758210,0.224501,6.236502
1.410000,MOVE,86.800000,80.597115,0.756806,0.225931,6.202885
1.420000,MOVE,87.200000,81.029933,0.755409,0.227359,6.170067
1.430000,MOVE,87.600000,81.461955,0.754021,0.228787,6.138045
1.440000,MOVE,88.000000,81.893188,0.752644,0.230213,6.106812
1.450000,MOVE,88.400000,82.323638,0.751276,0.231639,6.076362
1.460000,MOVE,88.800000,82.753311,0.749920,0.233063,6.046689
1.470000,MOVE,89.200000,83.182213,0.748576,0.234487,6.017787
1.480000,MOVE,89.600000,83.610352,0.747244,0.235910,5.989648
1.490000,MOVE,90.000000,84.037736,0.745925,0.237332,5.962264
1.500000,MOVE,90.400000,84.464371,0.744620,0.238753,5.935629
1.510000,MOVE,90.800000,84.890267,0.743328,0.240174,5.909733
1.520000,MOVE,91.200000,85.315431,0.742051,0.241593,5.884569
1.530000,MOVE,91.600000,85.739872,0.740790,0.243012,5.860128
1.540000,MOVE,92.000000,86.163599,0.739543,0.244430,5.836401
1.550000,MOVE,92.400000,86.586621,0.738313,0.245847,5.813379
1.560000,MOVE,92.800000,87.008948,0.737098,0.247263,5.791052
1.570000,MOVE,93.200000,87.430587,0.735900,0.248679,5.769413
1.580000,MOVE,93.600000,87.851551,0.734719,0.250094,5.748449
1.590000,MOVE,94.000000,88.271847,0.733555,0.251508,5.728153
1.600000,MOVE,94.400000,88.691486,0.732409,0.252921,5.708514
1.610000,MOVE,94.800000,89.110478,0.731280,0.254334,5.689522
1.620000,MOVE,95.200000,89.528834,0.730168,0.255746,5.671166
1.630000,MOVE,95.600000,89.946563,0.729075,0.257157,5.653437
1.640000,MOVE,96.000000,90.363677,0.728000,0.258568,5.636323
1.650000,MOVE,96.400000,90.780185,0.726944,0.259978,5.619815
1.660000,MOVE,96.800000,91.196098,0.725905,0.261388,5.603902
1.670000,MOVE,97.200000,91.611427,0.724886,0.262796,5.588573
1.680000,MOVE,97.600000,92.026182,0.723885,0.264205,5.573818
1.690000,MOVE,98.000000,92.440374,0.722902,0.265612,5.559626
1.700000,MOVE,98.400000,92.854015,0.721939,0.267019,5.545985
1.710000,MOVE,98.800000,93.267114,0.720994,0.268426,5.532886
1.720000,MOVE,99.200000,93.679682,0.720068,0.269832,5.520318
1.730000,MOVE,99.600000,94.091731,0.719161,0.271237,5.508269
1.740000,MOVE,100.000000,94.503271,0.718272,0.272642,5.496729
1.750000,MOVE,100.400000,94.914312,0.717403,0.274047,5.485688
1.760000,MOVE,100.800000,95.324866,0.716552,0.275451,5.475134
1.770000,MOVE,101.200000,95.734944,0.715720,0.276854,5.465056
1.780000,MOVE,101.600000,96.144555,0.714906,0.278257,5.455445
1.790000,MOVE,102.000000,96.553710,0.714111,0.279659,5.446290
1.800000,MOVE,102.400000,96.962421,0.713335,0.281062,5.437579
1.810000,MOVE,102.800000,97.370697,0.712577,0.282463,5.429303
1.820000,MOVE,103.200000,97.778550,0.711837,0.283864,5.421450
1.830000,MOVE,103.600000,98.185988,0.711115,0.285265,5.414012
1.840000,MOVE,104.000000,98.593024,0.710411,0.286666,5.406976
1.850000,MOVE,104.400000,98.999666,0.709725,0.288066,5.400334
1.860000,MOVE,104.800000,99.405925,0.709056,0.289466,5.394075
1.870000,MOVE,105.200000,99.811812,0.708405,0.290865,5.388188
1.880000,MOVE,105.600000,100.217335,0.707772,0.292264,5.382665
1.890000,MOVE,106.000000,100.622505,0.707156,0.293663,5.377495
1.900000,MOVE,106.400000,101.027332,0.706556,0.295061,5.372668
1.910000,MOVE,106.800000,101.431825,0.705974,0.296459,5.368175
1.920000,MOVE,107.200000,101.835994,0.705408,0.297857,5.364006
1.930000,MOVE,107.600000,102.239848,0.704858,0.299254,5.360152
1.940000,MOVE,108.000000,102.643397,0.704325,0.300651,5.356603
1.950000,MOVE,108.400000,103.046649,0.703808,0.302048,5.353351
1.960000,MOVE,108.800000,103.449613,0.703306,0.303445,5.350387
1.970000,MOVE,109.200000,103.852300,0.702820,0.304841,5.347700
1.980000,MOVE,109.600000,104.254716,0.702350,0.306238,5.345284
1.990000,MOVE,110.000000,104.656872,0.701894,0.307634,5.343128
2.000000,MOVE,110.000000,105.057307,0.698890,0.304928,4.942693
2.010000,MOVE,110.000000,105.454739,0.693651,0.302538,4.545261
2.020000,MOVE,110.000000,105.848049,0.686456,0.300430,4.151951
2.030000,MOVE,110.000000,106.236260,0.677556,0.298572,3.763740
2.040000,MOVE,110.000000,106.618524,0.667176,0.296936,3.381476
2.050000,MOVE,110.000000,106.994108,0.655518,0.295498,3.005892
2.060000,MOVE,110.000000,107.362383,0.642761,0.294236,2.637617
2.070000,MOVE,110.000000,107.722812,0.629068,0.293130,2.277188
2.080000,MOVE,110.000000,108.074942,0.614582,0.292162,1.925058
2.090000,MOVE,110.000000,108.418393,0.599434,0.291316,1.581607
2.100000,MOVE,110.000000,108.752850,0.583739,0.290579,1.247150
2.110000,MOVE,110.000000,109.078061,0.567600,0.289938,0.921939
2.120000,MOVE,110.000000,109.393823,0.551109,0.289382,0.606177
2.130000,MOVE,110.000000,109.699984,0.534351,0.288900,0.300016
2.140000,MOVE,110.000000,109.996431,0.517397,0.288484,0.003569
2.150000,MOVE,110.000000,110.283090,0.500315,0.288126,-0.283090
2.160000,MOVE,110.000000,110.559922,0.483162,0.287819,-0.559922
2.170000,MOVE,110.000000,110.826915,0.465992,0.287556,-0.826915
2.180000,MOVE,110.000000,111.084087,0.448850,0.287331,-1.084087
2.190000,MOVE,110.000000,111.331477,0.431777,0.287140,-1.331477
2.200000,MOVE,110.000000,111.569146,0.414811,0.286979,-1.569146
2.210000,MOVE,110.000000,111.797174,0.397983,0.286842,-1.797174
2.220000,MOVE,110.000000,112.015656,0.381323,0.286728,-2.015656
2.230000,MOVE,110.000000,112.224702,0.364854,0.286632,-2.224702
2.240000,MOVE,110.000000,112.424435,0.348600,0.286552,-2.424435
2.250000,MOVE,110.000000,112.614990,0.332580,0.286485,-2.614990
2.260000,MOVE,110.000000,112.796509,0.316811,0.286430,-2.796509
2.270000,MOVE,110.000000,112.969145,0.301307,0.286384,-2.969145
2.280000,MOVE,110.000000,113.133057,0.286080,0.286346,-3.133057
2.290000,MOVE,110.000000,113.288410,0.271142,0.286314,-3.288410
2.300000,MOVE,110.000000,113.435374,0.256501,0.286286,-3.435374
2.310000,MOVE,110.000000,113.574125,0.242166,0.286263,-3.574125
2.320000,MOVE,110.000000,113.704841,0.228142,0.286242,-3.704841
2.330000,MOVE,110.000000,113.827703,0.214435,0.286223,-3.827703
2.340000,MOVE,110.000000,113.942895,0.201048,0.286205,-3.942895
2.350000,MOVE,110.000000,114.050602,0.187985,0.286188,-4.050602
2.360000,MOVE,110.000000,114.151011,0.175247,0.286171,-4.151011
2.370000,MOVE,110.000000,114.244310,0.162836,0.286153,-4.244310
2.380000,MOVE,110.000000,114.330685,0.150753,0.286134,-4.330685
2.390000,MOVE,110.000000,114.410325,0.138998,0.286113,-4.410325
2.400000,MOVE,110.000000,114.483416,0.127569,0.286091,-4.483416
2.410000,MOVE,110.000000,114.550146,0.116465,0.286067,-4.550146
2.420000,MOVE,110.000000,114.610699,0.105686,0.286041,-4.610699
2.430000,MOVE,110.000000,114.665261,0.095229,0.286013,-4.665261
2.440000,MOVE,110.000000,114.714015,0.085091,0.285983,-4.714015
2.450000,MOVE,110.000000,114.757141,0.075269,0.285950,-4.757141
2.460000,MOVE,110.000000,114.794819,0.065761,0.285914,-4.794819
2.470000,MOVE,110.000000,114.827228,0.056563,0.285876,-4.827228
2.480000,MOVE,110.000000,114.854542,0.047672,0.285836,-4.854542
2.490000,MOVE,110.000000,114.876934,0.039083,0.285793,-4.876934
2.500000,MOVE,110.000000,114.894577,0.030792,0.285747,-4.894577
2.510000,MOVE,110.000000,114.907638,0.022796,0.285699,-4.907638
2.520000,MOVE,110.000000,114.916283,0.015089,0.285648,-4.916283
2.530000,MOVE,110.000000,114.920676,0.007667,0.285595,-4.920676
2.540000,MOVE,110.000000,114.920977,0.000526,0.285540,-4.920977
2.550000,MOVE,110.000000,114.917345,-0.006339,0.285482,-4.917345
2.560000,MOVE,110.000000,114.909935,-0.012934,0.285423,-4.909935
2.570000,MOVE,110.000000,114.898899,-0.019262,0.285361,-4.898899
2.580000,MOVE,110.000000,114.884386,-0.025330,0.285297,-4.884386
2.590000,MOVE,110.000000,114.866543,-0.031141,0.285231,-4.866543
2.600000,MOVE,110.000000,114.845515,-0.036702,0.285163,-4.845515
2.610000,MOVE,110.000000,114.821441,-0.042017,0.285093,-4.821441
2.620000,MOVE,110.000000,114.794459,-0.047092,0.285022,-4.794459
2.630000,MOVE,110.000000,114.764705,-0.051931,0.284949,-4.764705
2.640000,MOVE,110.000000,114.732310,-0.056540,0.284875,-4.732310
2.650000,MOVE,110.000000,114.697403,-0.060924,0.284799,-4.697403
2.660000,MOVE,110.000000,114.660110,-0.065089,0.284722,-4.660110
2.670000,MOVE,110.000000,114.620554,-0.069038,0.284644,-4.620554
2.680000,MOVE,110.000000,114.578855,-0.072778,0.284565,-4.578855
2.690000,MOVE,110.000000,114.535130,-0.076314,0.284484,-4.535130
2.700000,MOVE,110.000000,114.489494,-0.079650,0.284403,-4.489494
2.710000,MOVE,110.000000,114.442057,-0.082793,0.284321,-4.442057
2.720000,MOVE,110.000000,114.392928,-0.085746,0.284238,-4.392928
2.730000,MOVE,110.000000,114.342213,-0.088515,0.284154,-4.342213
2.740000,MOVE,110.000000,114.290014,-0.091104,0.284070,-4.290014
2.750000,MOVE,110.000000,114.236431,-0.093520,0.283986,-4.236431
2.760000,MOVE,110.000000,114.181562,-0.095765,0.283901,-4.181562
2.770000,MOVE,110.000000,114.125500,-0.097847,0.283815,-4.125500
2.780000,MOVE,110.000000,114.068337,-0.099768,0.283730,-4.068337
2.790000,MOVE,110.000000,114.010162,-0.101534,0.283644,-4.010162
2.800000,MOVE,110.000000,113.951062,-0.103150,0.283558,-3.951062
2.810000,MOVE,110.000000,113.891119,-0.104620,0.283472,-3.891119
2.820000,MOVE,110.000000,113.830415,-0.105948,0.283386,-3.830415
2.830000,MOVE,110.000000,113.769029,-0.107139,0.283301,-3.769029
2.840000,MOVE,110.000000,113.707036,-0.108198,0.283215,-3.707036
2.850000,MOVE,110.000000,113.644510,-0.109129,0.283130,-3.644510
2.860000,MOVE,110.000000,113.581521,-0.109936,0.283044,-3.581521
2.870000,MOVE,110.000000,113.518139,-0.110623,0.282960,-3.518139
2.880000,MOVE,110.000000,113.454429,-0.111195,0.282875,-3.454429
2.890000,MOVE,110.000000,113.390456,-0.111655,0.282791,-3.390456
2.900000,MOVE,110.000000,113.326280,-0.112007,0.282708,-3.326280
2.910000,MOVE,110.000000,113.261962,-0.112256,0.282624,-3.261962
2.920000,MOVE,110.000000,113.197558,-0.112406,0.282542,-3.197558
2.930000,MOVE,110.000000,113.133124,-0.112459,0.282460,-3.133124
2.940000,MOVE,110.000000,113.068711,-0.112421,0.282379,-3.068711
2.950000,MOVE,110.000000,113.004372,-0.112293,0.282299,-3.004372
2.960000,MOVE,110.000000,112.940154,-0.112081,0.282219,-2.940154
2.970000,MOVE,110.000000,112.876105,-0.111788,0.282140,-2.876105
2.980000,MOVE,110.000000,112.812268,-0.111416,0.282062,-2.812268
2.990000,MOVE,110.000000,112.748687,-0.110970,0.281984,-2.748687
3.000000,MOVE,110.000000,112.685402,-0.110452,0.281908,-2.685402
3.010000,MOVE,110.000000,112.622453,-0.109866,0.281832,-2.622453
3.020000,MOVE,110.000000,112.559877,-0.109216,0.281757,-2.559877
3.030000,MOVE,110.000000,112.497710,-0.108503,0.281683,-2.497710
3.040000,MOVE,110.000000,112.435984,-0.107731,0.281611,-2.435984
3.050000,MOVE,110.000000,112.374733,-0.106904,0.281539,-2.374733
3.060000,MOVE,110.000000,112.313986,-0.106023,0.281468,-2.313986
3.070000,MOVE,110.000000,112.253773,-0.105092,0.281398,-2.253773
3.080000,MOVE,110.000000,112.194120,-0.104113,0.281329,-2.194120
3.090000,MOVE,110.000000,112.135054,-0.103090,0.281261,-2.135054
3.100000,MOVE,110.000000,112.076599,-0.102024,0.281195,-2.076599
3.110000,MOVE,110.000000,112.018777,-0.100918,0.281129,-2.018777
3.120000,MOVE,110.000000,111.961611,-0.099775,0.281064,-1.961611
3.130000,MOVE,110.000000,111.905119,-0.098596,0.281001,-1.905119
3.140000,MOVE,110.000000,111.849321,-0.097385,0.280939,-1.849321
3.150000,MOVE,110.000000,111.794235,-0.096144,0.280877,-1.794235
3.160000,MOVE,110.000000,111.739876,-0.094874,0.280817,-1.739876
3.170000,MOVE,110.000000,111.686259,-0.093578,0.280758,-1.686259
3.180000,MOVE,110.000000,111.633399,-0.092259,0.280700,-1.633399
3.190000,MOVE,110.000000,111.581308,-0.090917,0.280643,-1.581308
3.200000,MOVE,110.000000,111.529997,-0.089555,0.280587,-1.529997
3.210000,MOVE,110.000000,111.479476,-0.088174,0.280533,-1.479476
3.220000,MOVE,110.000000,111.429756,-0.086778,0.280479,-1.429756
3.230000,MOVE,110.000000,111.380845,-0.085367,0.280427,-1.380845
3.240000,MOVE,110.000000,111.332750,-0.083942,0.280376,-1.332750
3.250000,MOVE,110.000000,111.285477,-0.082507,0.280326,-1.285477
3.260000,MOVE,110.000000,111.239032,-0.081062,0.280277,-1.239032
3.270000,MOVE,110.000000,111.193420,-0.079608,0.280229,-1.193420
3.280000,MOVE,110.000000,111.148644,-0.078148,0.280182,-1.148644
3.290000,MOVE,110.000000,111.104708,-0.076683,0.280136,-1.104708
3.300000,MOVE,110.000000,111.061614,-0.075214,0.280092,-1.061614
3.310000,MOVE,110.000000,111.019363,-0.073742,0.280048,-1.019363
3.320000,MOVE,110.000000,110.977955,-0.072269,0.280006,-0.977955
3.330000,HOLD,110.000000,110.937392,-0.070796,0.279964,-0.937392
3.340000,HOLD,110.000000,110.897672,-0.069325,0.279924,-0.897672
3.350000,HOLD,110.000000,110.858794,-0.067855,0.279885,-0.858794
3.360000,HOLD,110.000000,110.820756,-0.066389,0.279846,-0.820756
3.370000,HOLD,110.000000,110.783555,-0.064927,0.279809,-0.783555
3.380000,HOLD,110.000000,110.747189,-0.063471,0.279773,-0.747189
3.390000,HOLD,110.000000,110.711653,-0.062021,0.279738,-0.711653
3.400000,HOLD,110.000000,110.676945,-0.060579,0.279703,-0.676945
3.410000,HOLD,110.000000,110.643057,-0.059144,0.279670,-0.643057
3.420000,HOLD,110.000000,110.609987,-0.057719,0.279638,-0.609987
3.430000,HOLD,110.000000,110.577728,-0.056303,0.279607,-0.577728
3.440000,HOLD,110.000000,110.546273,-0.054898,0.279576,-0.546273
3.450000,HOLD,110.000000,110.515618,-0.053504,0.279547,-0.515618
3.460000,HOLD,110.000000,110.485754,-0.052122,0.279518,-0.485754
3.470000,HOLD,110.000000,110.456675,-0.050753,0.279491,-0.456675
3.480000,HOLD,110.000000,110.428373,-0.049396,0.279464,-0.428373
3.490000,HOLD,110.000000,110.400840,-0.048054,0.279438,-0.400840
3.500000,HOLD,110.000000,110.374068,-0.046726,0.279413,-0.374068
3.510000,HOLD,110.000000,110.348049,-0.045412,0.279389,-0.348049
3.520000,HOLD,110.000000,110.322774,-0.044114,0.279366,-0.322774
3.530000,HOLD,110.000000,110.298233,-0.042831,0.279344,-0.298233
3.540000,HOLD,110.000000,110.274419,-0.041565,0.279322,-0.274419
3.550000,HOLD,110.000000,110.251320,-0.040315,0.279301,-0.251320
3.560000,HOLD,110.000000,110.228928,-0.039081,0.279281,-0.228928
3.570000,HOLD,110.000000,110.207233,-0.037865,0.279262,-0.207233
3.580000,HOLD,110.000000,110.186224,-0.036667,0.279243,-0.186224
3.590000,HOLD,110.000000,110.165892,-0.035486,0.279225,-0.165892
3.600000,HOLD,110.000000,110.146227,-0.034323,0.279208,-0.146227
3.610000,HOLD,110.000000,110.127217,-0.033178,0.279192,-0.127217
3.620000,HOLD,110.000000,110.108852,-0.032052,0.279176,-0.108852
3.630000,HOLD,110.000000,110.091123,-0.030944,0.279161,-0.091123
3.640000,HOLD,110.000000,110.074017,-0.029855,0.279147,-0.074017
3.650000,HOLD,110.000000,110.057524,-0.028785,0.279133,-0.057524
3.660000,HOLD,110.000000,110.041633,-0.027734,0.279120,-0.041633
3.670000,HOLD,110.000000,110.026334,-0.026702,0.279108,-0.026334
3.680000,HOLD,110.000000,110.011615,-0.025689,0.279096,-0.011615
3.690000,HOLD,110.000000,109.997465,-0.024696,0.279085,0.002535
3.700000,HOLD,110.000000,109.983874,-0.023722,0.279074,0.016126
3.710000,HOLD,110.000000,109.970830,-0.022767,0.279064,0.029170
3.720000,HOLD,110.000000,109.958322,-0.021831,0.279054,0.041678
3.730000,HOLD,110.000000,109.946339,-0.020914,0.279045,0.053661
3.740000,HOLD,110.000000,109.934870,-0.020017,0.279037,0.065130
3.750000,HOLD,110.000000,109.923904,-0.019139,0.279029,0.076096
3.760000,HOLD,110.000000,109.913430,-0.018280,0.279021,0.086570
3.770000,HOLD,110.000000,109.903437,-0.017441,0.279014,0.096563
3.780000,HOLD,110.000000,109.893914,-0.016620,0.279008,0.106086
3.790000,HOLD,110.000000,109.884851,-0.015818,0.279002,0.115149
3.800000,HOLD,110.000000,109.876237,-0.015035,0.278996,0.123763
3.810000,HOLD,110.000000,109.868060,-0.014271,0.278991,0.131940
3.820000,HOLD,110.000000,109.860310,-0.013526,0.278986,0.139690
3.830000,HOLD,110.000000,109.852977,-0.012799,0.278982,0.147023
3.840000,HOLD,110.000000,109.846050,-0.012090,0.278978,0.153950
3.850000,HOLD,110.000000,109.839519,-0.011399,0.278974,0.160481
3.860000,HOLD,110.000000,109.833373,-0.010727,0.278971,0.166627
3.870000,HOLD,110.000000,109.827602,-0.010072,0.278968,0.172398
3.880000,HOLD,110.000000,109.822196,-0.009435,0.278965,0.177804
3.890000,HOLD,110.000000,109.817145,-0.008815,0.278963,0.182855
3.900000,HOLD,110.000000,109.812440,-0.008213,0.278961,0.187560
3.910000,HOLD,110.000000,109.808069,-0.007628,0.278959,0.191931
3.920000,HOLD,110.000000,109.804025,-0.007059,0.278958,0.195975
3.930000,HOLD,110.000000,109.800296,-0.006508,0.278957,0.199704
3.940000,HOLD,110.000000,109.796874,-0.005973,0.278956,0.203126
3.950000,HOLD,110.000000,109.793749,-0.005454,0.278956,0.206251
3.960000,HOLD,110.000000,109.790912,-0.004951,0.278956,0.209088
3.970000,HOLD,110.000000,109.788355,-0.004464,0.278956,0.211645
3.980000,HOLD,110.000000,109.786067,-0.003992,0.278956,0.213933
3.990000,HOLD,110.000000,109.784041,-0.003536,0.278956,0.215959
4.000000,HOLD,110.000000,109.782268,-0.003095,0.278957,0.217732
4.010000,HOLD,110.000000,109.780739,-0.002669,0.278958,0.219261
4.020000,HOLD,110.000000,109.779446,-0.002257,0.278959,0.220554
4.030000,HOLD,110.000000,109.778380,-0.001860,0.278960,0.221620
4.040000,HOLD,110.000000,109.777534,-0.001477,0.278962,0.222466
4.050000,HOLD,110.000000,109.776899,-0.001108,0.278963,0.223101
4.060000,HOLD,110.000000,109.776468,-0.000752,0.278965,0.223532
4.070000,HOLD,110.000000,109.776234,-0.000410,0.278967,0.223766
4.080000,HOLD,110.000000,109.776187,-0.000081,0.278969,0.223813
4.090000,HOLD,110.000000,109.776322,0.000236,0.278972,0.223678
4.100000,HOLD,110.000000,109.776631,0.000539,0.278974,0.223369
4.110000,HOLD,110.000000,109.777107,0.000830,0.278977,0.222893
4.120000,HOLD,110.000000,109.777743,0.001110,0.278979,0.222257
4.130000,HOLD,110.000000,109.778532,0.001377,0.278982,0.221468
4.140000,HOLD,110.000000,109.779467,0.001633,0.278985,0.220533
4.150000,HOLD,110.000000,109.780543,0.001877,0.278988,0.219457
4.160000,HOLD,110.000000,109.781752,0.002110,0.278991,0.218248
4.170000,HOLD,110.000000,109.783088,0.002332,0.278994,0.216912
4.180000,HOLD,110.000000,109.784546,0.002544,0.278998,0.215454
4.190000,HOLD,110.000000,109.786119,0.002745,0.279001,0.213881
4.200000,HOLD,110.000000,109.787801,0.002937,0.279004,0.212199
4.210000,HOLD,110.000000,109.789588,0.003118,0.279008,0.210412
4.220000,HOLD,110.000000,109.791473,0.003290,0.279011,0.208527
4.230000,HOLD,110.000000,109.793451,0.003452,0.279015,0.206549
4.240000,HOLD,110.000000,109.795516,0.003605,0.279018,0.204484
4.250000,HOLD,110.000000,109.797665,0.003750,0.279022,0.202335
4.260000,HOLD,110.000000,109.799891,0.003885,0.279026,0.200109
4.270000,HOLD,110.000000,109.802190,0.004013,0.279030,0.197810
4.280000,HOLD,110.000000,109.804557,0.004131,0.279033,0.195443
4.290000,HOLD,110.000000,109.806988,0.004242,0.279037,0.193012
4.300000,HOLD,110.000000,109.809478,0.004346,0.279041,0.190522
4.310000,HOLD,110.000000,109.812023,0.004441,0.279045,0.187977
4.320000,HOLD,110.000000,109.814618,0.004530,0.279049,0.185382
4.330000,HOLD,110.000000,109.817260,0.004611,0.279053,0.182740
4.340000,HOLD,110.000000,109.819944,0.004685,0.279056,0.180056
4.350000,HOLD,110.000000,109.822668,0.004753,0.279060,0.177332
4.360000,HOLD,110.000000,109.825426,0.004814,0.279064,0.174574
4.370000,HOLD,110.000000,109.828216,0.004869,0.279068,0.171784
4.380000,HOLD,110.000000,109.831034,0.004918,0.279072,0.168966
4.390000,HOLD,110.000000,109.833876,0.004961,0.279076,0.166124
4.400000,HOLD,110.000000,109.836740,0.004998,0.279080,0.163260
4.410000,HOLD,110.000000,109.839622,0.005030,0.279084,0.160378
4.420000,HOLD,110.000000,109.842519,0.005057,0.279087,0.157481
4.430000,HOLD,110.000000,109.845429,0.005078,0.279091,0.154571
4.440000,HOLD,110.000000,109.848348,0.005095,0.279095,0.151652
4.450000,HOLD,110.000000,109.851274,0.005107,0.279099,0.148726
4.460000,HOLD,110.000000,109.854205,0.005114,0.279103,0.145795
4.470000,HOLD,110.000000,109.857136,0.005117,0.279106,0.142864
4.480000,HOLD,110.000000,109.860067,0.005116,0.279110,0.139933
4.490000,HOLD,110.000000,109.862995,0.005110,0.279114,0.137005
4.500000,HOLD,110.000000,109.865918,0.005101,0.279117,0.134082
4.510000,HOLD,110.000000,109.868833,0.005088,0.279121,0.131167
4.520000,HOLD,110.000000,109.871739,0.005072,0.279124,0.128261
4.530000,HOLD,110.000000,109.874634,0.005052,0.279128,0.125366
4.540000,HOLD,110.000000,109.877515,0.005028,0.279131,0.122485
4.550000,HOLD,110.000000,109.880381,0.005002,0.279135,0.119619
4.560000,HOLD,110.000000,109.883230,0.004973,0.279138,0.116770
4.570000,HOLD,110.000000,109.886061,0.004941,0.279142,0.113939
4.580000,HOLD,110.000000,109.888872,0.004906,0.279145,0.111128
4.590000,HOLD,110.000000,109.891661,0.004868,0.279148,0.108339
4.600000,HOLD,110.000000,109.894427,0.004829,0.279152,0.105573
4.610000,HOLD,110.000000,109.897170,0.004786,0.279155,0.102830
4.620000,HOLD,110.000000,109.899887,0.004742,0.279158,0.100113
4.630000,HOLD,110.000000,109.902577,0.004696,0.279161,0.097423
4.640000,HOLD,110.000000,109.905240,0.004647,0.279164,0.094760
4.650000,HOLD,110.000000,109.907874,0.004597,0.279167,0.092126
4.660000,HOLD,110.000000,109.910479,0.004545,0.279170,0.089521
4.670000,HOLD,110.000000,109.913052,0.004492,0.279173,0.086948
4.680000,HOLD,110.000000,109.915595,0.004437,0.279176,0.084405
4.690000,HOLD,110.000000,109.918104,0.004381,0.279178,0.081896
4.700000,HOLD,110.000000,109.920581,0.004323,0.279181,0.079419
4.710000,HOLD,110.000000,109.923025,0.004264,0.279184,0.076975
4.720000,HOLD,110.000000,109.925433,0.004204,0.279187,0.074567
4.730000,HOLD,110.000000,109.927807,0.004143,0.279189,0.072193
4.740000,HOLD,110.000000,109.930146,0.004081,0.279192,0.069854
4.750000,HOLD,110.000000,109.932448,0.004019,0.279194,0.067552
4.760000,HOLD,110.000000,109.934714,0.003955,0.279197,0.065286
4.770000,HOLD,110.000000,109.936944,0.003891,0.279199,0.063056
4.780000,HOLD,110.000000,109.939136,0.003826,0.279201,0.060864
4.790000,HOLD,110.000000,109.941291,0.003761,0.279204,0.058709
4.800000,HOLD,110.000000,109.943408,0.003695,0.279206,0.056592
4.810000,HOLD,110.000000,109.945488,0.003629,0.279208,0.054512
4.820000,HOLD,110.000000,109.947529,0.003563,0.279210,0.052471
4.830000,HOLD,110.000000,109.949532,0.003496,0.279212,0.050468
4.840000,HOLD,110.000000,109.951497,0.003429,0.279214,0.048503
4.850000,HOLD,110.000000,109.953423,0.003362,0.279216,0.046577
4.860000,HOLD,110.000000,109.955311,0.003295,0.279218,0.044689
4.870000,HOLD,110.000000,109.957161,0.003228,0.279220,0.042839
4.880000,HOLD,110.000000,109.958972,0.003161,0.279222,0.041028
4.890000,HOLD,110.000000,109.960745,0.003094,0.279224,0.039255
4.900000,HOLD,110.000000,109.962480,0.003028,0.279225,0.037520
4.910000,HOLD,110.000000,109.964177,0.002961,0.279227,0.035823
4.920000,HOLD,110.000000,109.965835,0.002895,0.279229,0.034165
4.930000,HOLD,110.000000,109.967456,0.002829,0.279230,0.032544
4.940000,HOLD,110.000000,109.969039,0.002763,0.279232,0.030961
4.950000,HOLD,110.000000,109.970585,0.002698,0.279233,0.029415
4.960000,HOLD,110.000000,109.972094,0.002633,0.279235,0.027906
4.970000,HOLD,110.000000,109.973565,0.002568,0.279236,0.026435
4.980000,HOLD,110.000000,109.975000,0.002504,0.279238,0.025000
4.990000,HOLD,110.000000,109.976399,0.002441,0.279239,0.023601
5.000000,HOLD,110.000000,109.977761,0.002378,0.279240,0.022239
5.010000,HOLD,110.000000,109.979088,0.002316,0.279242,0.020912
5.020000,HOLD,110.000000,109.980380,0.002254,0.279243,0.019620
5.030000,HOLD,110.000000,109.981636,0.002193,0.279244,0.018364
5.040000,HOLD,110.000000,109.982858,0.002132,0.279245,0.017142
5.050000,HOLD,110.000000,109.984045,0.002072,0.279246,0.015955
5.060000,HOLD,110.000000,109.985198,0.002013,0.279247,0.014802
5.070000,HOLD,110.000000,109.986319,0.001955,0.279248,0.013681
5.080000,HOLD,110.000000,109.987406,0.001897,0.279249,0.012594
5.090000,HOLD,110.000000,109.988460,0.001840,0.279250,0.011540
5.100000,HOLD,110.000000,109.989482,0.001784,0.279251,0.010518
5.110000,HOLD,110.000000,109.990472,0.001729,0.279252,0.009528
5.120000,HOLD,110.000000,109.991431,0.001674,0.279253,0.008569
5.130000,HOLD,110.000000,109.992360,0.001620,0.279254,0.007640
5.140000,HOLD,110.000000,109.993258,0.001567,0.279255,0.006742
5.150000,HOLD,110.000000,109.994126,0.001515,0.279255,0.005874
5.160000,HOLD,110.000000,109.994964,0.001464,0.279256,0.005036
5.170000,HOLD,110.000000,109.995774,0.001413,0.279257,0.004226
5.180000,HOLD,110.000000,109.996555,0.001363,0.279257,0.003445
5.190000,HOLD,110.000000,109.997308,0.001315,0.279258,0.002692
5.200000,HOLD,110.000000,109.998034,0.001267,0.279259,0.001966
5.210000,HOLD,110.000000,109.998733,0.001220,0.279259,0.001267
5.220000,HOLD,110.000000,109.999405,0.001174,0.279260,0.000595
5.230000,HOLD,110.000000,110.000052,0.001128,0.279260,-0.000052
5.240000,HOLD,110.000000,110.000673,0.001084,0.279261,-0.000673
5.250000,HOLD,110.000000,110.001269,0.001040,0.279261,-0.001269
5.260000,HOLD,110.000000,110.001841,0.000998,0.279262,-0.001841
5.270000,HOLD,110.000000,110.002388,0.000956,0.279262,-0.002388
5.280000,HOLD,110.000000,110.002912,0.000915,0.279262,-0.002912
5.290000,HOLD,110.000000,110.003414,0.000875,0.279263,-0.003414
5.300000,HOLD,110.000000,110.003893,0.000836,0.279263,-0.003893
5.310000,HOLD,110.000000,110.004349,0.000797,0.279263,-0.004349
5.320000,HOLD,110.000000,110.004785,0.000760,0.279264,-0.004785
5.330000,RETURN,110.000000,109.905178,-0.173847,-0.000049,0.094822
5.340000,RETURN,109.600000,109.718513,-0.325791,0.023642,-0.118513
5.350000,RETURN,109.200000,109.456404,-0.457467,0.044783,-0.256404
5.360000,RETURN,108.800000,109.129190,-0.571096,0.063526,-0.329190
5.370000,RETURN,108.400000,108.746072,-0.668666,0.080124,-0.346072
5.380000,RETURN,108.000000,108.315233,-0.751956,0.094806,-0.315233
5.390000,RETURN,107.600000,107.843943,-0.822556,0.107774,-0.243943
5.400000,RETURN,107.200000,107.338656,-0.881893,0.119209,-0.138656
5.410000,RETURN,106.800000,106.805095,-0.931239,0.129276,-0.005095
5.420000,RETURN,106.400000,106.248331,-0.971737,0.138118,0.151669
5.430000,RETURN,106.000000,105.672850,-1.004404,0.145867,0.327150
5.440000,RETURN,105.600000,105.082614,-1.030155,0.152639,0.517386
5.450000,RETURN,105.200000,104.481120,-1.049805,0.158538,0.718880
5.460000,RETURN,104.800000,103.871446,-1.064083,0.163657,0.928554
5.470000,RETURN,104.400000,103.256295,-1.073641,0.168080,1.143705
5.480000,RETURN,104.000000,102.638037,-1.079064,0.171882,1.361963
5.490000,RETURN,103.600000,102.018744,-1.080870,0.175129,1.581256
5.500000,RETURN,103.200000,101.400220,-1.079527,0.177882,1.799780
5.510000,RETURN,102.800000,100.784034,-1.075448,0.180192,2.015966
5.520000,RETURN,102.400000,100.171539,-1.069006,0.182109,2.228461
5.530000,RETURN,102.000000,99.563899,-1.060531,0.183675,2.436101
5.540000,RETURN,101.600000,98.962111,-1.050318,0.184927,2.637889
5.550000,RETURN,101.200000,98.367020,-1.038630,0.185901,2.832980
5.560000,RETURN,100.800000,97.779336,-1.025702,0.186626,3.020664
5.570000,RETURN,100.400000,97.199650,-1.011743,0.187130,3.200350
5.580000,RETURN,100.000000,96.628447,-0.996938,0.187438,3.371553
5.590000,RETURN,99.600000,96.066117,-0.981451,0.187570,3.533883
5.600000,RETURN,99.200000,95.512966,-0.965430,0.187546,3.687034
5.610000,RETURN,98.800000,94.969227,-0.949004,0.187384,3.830773
5.620000,RETURN,98.400000,94.435064,-0.932289,0.187100,3.964936
5.630000,RETURN,98.000000,93.910587,-0.915386,0.186706,4.089413
5.640000,RETURN,97.600000,93.395850,-0.898384,0.186215,4.204150
5.650000,RETURN,97.200000,92.890866,-0.881364,0.185639,4.309134
5.660000,RETURN,96.800000,92.395604,-0.864395,0.184986,4.404396
5.670000,RETURN,96.400000,91.910002,-0.847537,0.184267,4.489998
5.680000,RETURN,96.000000,91.433963,-0.830844,0.183488,4.566037
5.690000,RETURN,95.600000,90.967368,-0.814363,0.182656,4.632632
5.700000,RETURN,95.200000,90.510071,-0.798133,0.181778,4.689929
5.710000,RETURN,94.800000,90.061909,-0.782191,0.180859,4.738091
5.720000,RETURN,94.400000,89.622699,-0.766565,0.179904,4.777301
5.730000,RETURN,94.000000,89.192247,-0.751281,0.178917,4.807753
5.740000,RETURN,93.600000,88.770343,-0.736361,0.177902,4.829657
5.750000,RETURN,93.200000,88.356769,-0.721823,0.176863,4.843231
5.760000,RETURN,92.800000,87.951297,-0.707681,0.175802,4.848703
5.770000,RETURN,92.400000,87.553694,-0.693948,0.174723,4.846306
5.780000,RETURN,92.000000,87.163720,-0.680634,0.173627,4.836280
5.790000,RETURN,91.600000,86.781130,-0.667745,0.172517,4.818870
5.800000,RETURN,91.200000,86.405678,-0.655287,0.171394,4.794322
5.810000,RETURN,90.800000,86.037115,-0.643264,0.170260,4.762885
5.820000,RETURN,90.400000,85.675191,-0.631677,0.169117,4.724809
5.830000,RETURN,90.000000,85.319656,-0.620526,0.167966,4.680344
5.840000,RETURN,89.600000,84.970259,-0.609813,0.166807,4.629741
5.850000,RETURN,89.200000,84.626752,-0.599533,0.165643,4.573248
5.860000,RETURN,88.800000,84.288887,-0.589685,0.164473,4.511113
5.870000,RETURN,88.400000,83.956419,-0.580265,0.163298,4.443581
5.880000,RETURN,88.000000,83.629106,-0.571269,0.162119,4.370894
5.890000,RETURN,87.600000,83.306708,-0.562691,0.160937,4.293292
5.900000,RETURN,87.200000,82.988989,-0.554525,0.159752,4.211011
5.910000,RETURN,86.800000,82.675715,-0.546766,0.158564,4.124285
5.920000,RETURN,86.400000,82.366657,-0.539407,0.157374,4.033343
5.930000,RETURN,86.000000,82.061591,-0.532441,0.156182,3.938409
5.940000,RETURN,85.600000,81.760296,-0.525860,0.154988,3.839704
5.950000,RETURN,85.200000,81.462554,-0.519657,0.153792,3.737446
5.960000,RETURN,84.800000,81.168155,-0.513823,0.152596,3.631845
5.970000,RETURN,84.400000,80.876891,-0.508352,0.151397,3.523109
5.980000,RETURN,84.000000,80.588559,-0.503234,0.150198,3.411441
5.990000,RETURN,83.600000,80.302962,-0.498461,0.148998,3.297038
6.000000,RETURN,83.200000,80.019907,-0.494025,0.147796,3.180093
6.010000,RETURN,82.800000,79.739205,-0.489917,0.146593,3.060795
6.020000,RETURN,82.400000,79.460674,-0.486128,0.145390,2.939326
6.030000,RETURN,82.000000,79.184135,-0.482651,0.144185,2.815865
6.040000,RETURN,81.600000,78.909416,-0.479476,0.142979,2.690584
6.050000,RETURN,81.200000,78.636347,-0.476595,0.141773,2.563653
6.060000,RETURN,80.800000,78.364766,-0.473999,0.140565,2.435234
6.070000,RETURN,80.400000,78.094514,-0.471679,0.139356,2.305486
6.080000,RETURN,80.000000,77.825436,-0.469628,0.138146,2.174564
6.090000,RETURN,79.600000,77.557386,-0.467837,0.136935,2.042614
6.100000,RETURN,79.200000,77.290218,-0.466296,0.135722,1.909782
6.110000,RETURN,78.800000,77.023793,-0.464999,0.134508,1.776207
6.120000,RETURN,78.400000,76.757976,-0.463937,0.133293,1.642024
6.130000,RETURN,78.000000,76.492638,-0.463102,0.132077,1.507362
6.140000,RETURN,77.600000,76.227653,-0.462486,0.130859,1.372347
6.150000,RETURN,77.200000,75.962901,-0.462080,0.129639,1.237099
6.160000,RETURN,76.800000,75.698264,-0.461878,0.128418,1.101736
6.170000,RETURN,76.400000,75.433631,-0.461872,0.127196,0.966369
6.180000,RETURN,76.000000,75.168894,-0.462053,0.125972,0.831106
6.190000,RETURN,75.600000,74.903949,-0.462416,0.124746,0.696051
6.200000,RETURN,75.200000,74.638697,-0.462952,0.123518,0.561303
6.210000,RETURN,74.800000,74.373043,-0.463654,0.122288,0.426957
6.220000,RETURN,74.400000,74.106895,-0.464515,0.121057,0.293105
6.230000,RETURN,74.000000,73.840167,-0.465530,0.119823,0.159833
6.240000,RETURN,73.600000,73.572773,-0.466689,0.118588,0.027227
6.250000,RETURN,73.200000,73.304636,-0.467988,0.117351,-0.104636
6.260000,RETURN,72.800000,73.035678,-0.469420,0.116112,-0.235678
6.270000,RETURN,72.400000,72.765827,-0.470979,0.114870,-0.365827
6.280000,RETURN,72.000000,72.495014,-0.472657,0.113627,-0.495014
6.290000,RETURN,71.600000,72.223174,-0.474450,0.112381,-0.623174
6.300000,RETURN,71.200000,71.950245,-0.476351,0.111133,-0.750245
6.310000,RETURN,70.800000,71.676168,-0.478355,0.109883,-0.876168
6.320000,RETURN,70.400000,71.400887,-0.480456,0.108631,-1.000887
6.330000,RETURN,70.000000,71.124349,-0.482649,0.107376,-1.124349
6.340000,RETURN,69.600000,70.846506,-0.484928,0.106119,-1.246506
6.350000,RETURN,69.200000,70.567311,-0.487288,0.104860,-1.367311
6.360000,RETURN,68.800000,70.286720,-0.489723,0.103599,-1.486720
6.370000,RETURN,68.400000,70.004693,-0.492230,0.102335,-1.604693
6.380000,RETURN,68.000000,69.721191,-0.494804,0.101069,-1.721191
6.390000,RETURN,67.600000,69.436180,-0.497439,0.099801,-1.836180
6.400000,RETURN,67.200000,69.149626,-0.500131,0.098530,-1.949626
6.410000,RETURN,66.800000,68.861499,-0.502876,0.097257,-2.061499
6.420000,RETURN,66.400000,68.571772,-0.505669,0.095982,-2.171772
6.430000,RETURN,66.000000,68.280420,-0.508507,0.094704,-2.280420
6.440000,RETURN,65.600000,67.987418,-0.511385,0.093424,-2.387418
6.450000,RETURN,65.200000,67.692746,-0.514299,0.092141,-2.492746
6.460000,RETURN,64.800000,67.396386,-0.517246,0.090856,-2.596386
6.470000,RETURN,64.400000,67.098320,-0.520222,0.089569,-2.698320
6.480000,RETURN,64.000000,66.798535,-0.523224,0.088279,-2.798535
6.490000,RETURN,63.600000,66.497017,-0.526248,0.086987,-2.897017
6.500000,RETURN,63.200000,66.193756,-0.529291,0.085693,-2.993756
6.510000,RETURN,62.800000,65.888742,-0.532349,0.084396,-3.088742
6.520000,RETURN,62.400000,65.581969,-0.535420,0.083097,-3.181969
6.530000,RETURN,62.000000,65.273430,-0.538501,0.081796,-3.273430
6.540000,RETURN,61.600000,64.963123,-0.541588,0.080492,-3.363123
6.550000,RETURN,61.200000,64.651044,-0.544680,0.079187,-3.451044
6.560000,RETURN,60.800000,64.337194,-0.547773,0.077879,-3.537194
6.570000,RETURN,60.400000,64.021571,-0.550865,0.076568,-3.621571
6.580000,RETURN,60.000000,63.704180,-0.553953,0.075256,-3.704180
6.590000,RETURN,59.600000,63.385022,-0.557036,0.073941,-3.785022
6.600000,RETURN,59.200000,63.064102,-0.560110,0.072624,-3.864102
6.610000,RETURN,58.800000,62.741427,-0.563174,0.071305,-3.941427
6.620000,RETURN,58.400000,62.417003,-0.566226,0.069984,-4.017003
6.630000,RETURN,58.000000,62.090839,-0.569264,0.068661,-4.090839
6.640000,RETURN,57.600000,61.762944,-0.572285,0.067335,-4.162944
6.650000,RETURN,57.200000,61.433328,-0.575289,0.066008,-4.233328
6.660000,RETURN,56.800000,61.102002,-0.578272,0.064679,-4.302002
6.670000,RETURN,56.400000,60.768979,-0.581235,0.063347,-4.368979
6.680000,RETURN,56.000000,60.434272,-0.584175,0.062014,-4.434272
6.690000,RETURN,55.600000,60.097893,-0.587091,0.060678,-4.497893
6.700000,RETURN,55.200000,59.759859,-0.589981,0.059341,-4.559859
6.710000,RETURN,54.800000,59.420185,-0.592844,0.058002,-4.620185
6.720000,RETURN,54.400000,59.078886,-0.595679,0.056661,-4.678886
6.730000,RETURN,54.000000,58.735980,-0.598484,0.055318,-4.735980
6.740000,RETURN,53.600000,58.391484,-0.601259,0.053973,-4.791484
6.750000,RETURN,53.200000,58.045416,-0.604003,0.052627,-4.845416
6.760000,RETURN,52.800000,57.697794,-0.606714,0.051279,-4.897794
6.770000,RETURN,52.400000,57.348638,-0.609392,0.049929,-4.948638
6.780000,RETURN,52.000000,56.997967,-0.612036,0.048577,-4.997967
6.790000,RETURN,51.600000,56.645801,-0.614645,0.047224,-5.045801
6.800000,RETURN,51.200000,56.292161,-0.617218,0.045869,-5.092161
6.810000,RETURN,50.800000,55.937068,-0.619755,0.044513,-5.137068
6.820000,RETURN,50.400000,55.580542,-0.622255,0.043155,-5.180542
6.830000,RETURN,50.000000,55.222605,-0.624718,0.041795,-5.222605
6.840000,RETURN,49.600000,54.863279,-0.627142,0.040434,-5.263279
6.850000,RETURN,49.200000,54.502585,-0.629529,0.039071,-5.302585
6.860000,RETURN,48.800000,54.140547,-0.631876,0.037707,-5.340547
6.870000,RETURN,48.400000,53.777187,-0.634184,0.036342,-5.377187
6.880000,RETURN,48.000000,53.412526,-0.636453,0.034975,-5.412526
6.890000,RETURN,47.600000,53.046588,-0.638682,0.033607,-5.446588
6.900000,RETURN,47.200000,52.679396,-0.640871,0.032238,-5.479396
6.910000,RETURN,46.800000,52.310973,-0.643020,0.030867,-5.510973
6.920000,RETURN,46.400000,51.941342,-0.645128,0.029495,-5.541342
6.930000,RETURN,46.000000,51.570526,-0.647196,0.028122,-5.570526
6.940000,RETURN,45.600000,51.198548,-0.649224,0.026747,-5.598548
6.950000,RETURN,45.200000,50.825432,-0.651211,0.025372,-5.625432
6.960000,RETURN,44.800000,50.451200,-0.653158,0.023995,-5.651200
6.970000,RETURN,44.400000,50.075876,-0.655064,0.022617,-5.675876
6.980000,RETURN,44.000000,49.699484,-0.656929,0.021238,-5.699484
6.990000,RETURN,43.600000,49.322045,-0.658755,0.019858,-5.722045
7.000000,RETURN,43.200000,48.943583,-0.660540,0.018477,-5.743583
7.010000,RETURN,42.800000,48.564122,-0.662285,0.017095,-5.764122
7.020000,RETURN,42.400000,48.183683,-0.663990,0.015713,-5.783683
7.030000,RETURN,42.000000,47.802291,-0.665656,0.014329,-5.802291
7.040000,RETURN,41.600000,47.419966,-0.667282,0.012944,-5.819966
7.050000,RETURN,41.200000,47.036732,-0.668869,0.011558,-5.836732
7.060000,RETURN,40.800000,46.652611,-0.670417,0.010172,-5.852611
7.070000,RETURN,40.400000,46.267626,-0.671927,0.008784,-5.867626
7.080000,RETURN,40.000000,45.881797,-0.673398,0.007396,-5.881797
7.090000,RETURN,39.600000,45.495148,-0.674831,0.006007,-5.895148
7.100000,RETURN,39.200000,45.107699,-0.676226,0.004617,-5.907699
7.110000,RETURN,38.800000,44.719471,-0.677584,0.003227,-5.919471
7.120000,RETURN,38.400000,44.330487,-0.678906,0.001836,-5.930487
7.130000,RETURN,38.000000,43.940767,-0.680190,0.000444,-5.940767
7.140000,RETURN,37.600000,43.550331,-0.681439,-0.000949,-5.950331
7.150000,RETURN,37.200000,43.159201,-0.682652,-0.002342,-5.959201
7.160000,RETURN,36.800000,42.767395,-0.683829,-0.003735,-5.967395
7.170000,RETURN,36.400000,42.374935,-0.684972,-0.005130,-5.974935
7.180000,RETURN,36.000000,41.981840,-0.686080,-0.006525,-5.981840
7.190000,RETURN,35.600000,41.588130,-0.687155,-0.007920,-5.988130
7.200000,RETURN,35.200000,41.193823,-0.688196,-0.009316,-5.993823
7.210000,RETURN,34.800000,40.798938,-0.689204,-0.010713,-5.998938
7.220000,RETURN,34.400000,40.403494,-0.690179,-0.012110,-6.003494
7.230000,RETURN,34.000000,40.007510,-0.691123,-0.013507,-6.007510
7.240000,RETURN,33.600000,39.611003,-0.692035,-0.014905,-6.011003
7.250000,RETURN,33.200000,39.213991,-0.692916,-0.016304,-6.013991
7.260000,RETURN,32.800000,38.816492,-0.693767,-0.017702,-6.016492
7.270000,RETURN,32.400000,38.418523,-0.694588,-0.019102,-6.018523
7.280000,RETURN,32.000000,38.020100,-0.695379,-0.020501,-6.020100
7.290000,RETURN,31.600000,37.621240,-0.696142,-0.021901,-6.021240
7.300000,RETURN,31.200000,37.221960,-0.696876,-0.023301,-6.021960
7.310000,RETURN,30.800000,36.822275,-0.697582,-0.024702,-6.022275
7.320000,RETURN,30.400000,36.422201,-0.698261,-0.026103,-6.022201
7.330000,RETURN,30.000000,36.021753,-0.698913,-0.027504,-6.021753
7.340000,RETURN,30.000000,35.622416,-0.696976,-0.024804,-5.622416
7.350000,RETURN,30.000000,35.225492,-0.692762,-0.022421,-5.225492
7.360000,RETURN,30.000000,34.832126,-0.686553,-0.020319,-4.832126
7.370000,RETURN,30.000000,34.443316,-0.678601,-0.018468,-4.443316
7.380000,RETURN,30.000000,34.059933,-0.669131,-0.016840,-4.059933
7.390000,RETURN,30.000000,33.682729,-0.658345,-0.015410,-3.682729
7.400000,RETURN,30.000000,33.312355,-0.646424,-0.014156,-3.312355
7.410000,RETURN,30.000000,32.949369,-0.633530,-0.013058,-2.949369
7.420000,RETURN,30.000000,32.594244,-0.619810,-0.012099,-2.594244
7.430000,RETURN,30.000000,32.247380,-0.605392,-0.011263,-2.247380
7.440000,RETURN,30.000000,31.909109,-0.590394,-0.010535,-1.909109
7.450000,RETURN,30.000000,31.579705,-0.574919,-0.009904,-1.579705
7.460000,RETURN,30.000000,31.259387,-0.559061,-0.009358,-1.259387
7.470000,RETURN,30.000000,30.948326,-0.542903,-0.008886,-0.948326
7.480000,RETURN,30.000000,30.646652,-0.526521,-0.008481,-0.646652
7.490000,RETURN,30.000000,30.354455,-0.509979,-0.008133,-0.354455
7.500000,RETURN,30.000000,30.071793,-0.493339,-0.007836,-0.071793
7.510000,RETURN,30.000000,29.798692,-0.476652,-0.007584,0.201308
7.520000,RETURN,30.000000,29.535151,-0.459966,-0.007371,0.464849
7.530000,RETURN,30.000000,29.281146,-0.443322,-0.007191,0.718854
7.540000,RETURN,30.000000,29.036631,-0.426759,-0.007041,0.963369
7.550000,RETURN,30.000000,28.801541,-0.410309,-0.006916,1.198459
7.560000,RETURN,30.000000,28.575795,-0.394001,-0.006813,1.424205
7.570000,RETURN,30.000000,28.359296,-0.377862,-0.006729,1.640704
7.580000,RETURN,30.000000,28.151935,-0.361914,-0.006660,1.848065
7.590000,RETURN,30.000000,27.953590,-0.346177,-0.006605,2.046410
7.600000,RETURN,30.000000,27.764132,-0.330668,-0.006562,2.235868
7.610000,RETURN,30.000000,27.583419,-0.315403,-0.006528,2.416581
7.620000,RETURN,30.000000,27.411305,-0.300395,-0.006501,2.588695
7.630000,RETURN,30.000000,27.247636,-0.285656,-0.006481,2.752364
7.640000,RETURN,30.000000,27.092253,-0.271195,-0.006465,2.907747
7.650000,RETURN,30.000000,26.944992,-0.257020,-0.006454,3.055008
7.660000,RETURN,30.000000,26.805684,-0.243138,-0.006445,3.194316
7.670000,RETURN,30.000000,26.674158,-0.229555,-0.006438,3.325842
7.680000,RETURN,30.000000,26.550241,-0.216276,-0.006432,3.449759
7.690000,RETURN,30.000000,26.433757,-0.203304,-0.006426,3.566243
7.700000,RETURN,30.000000,26.324527,-0.190642,-0.006420,3.675473
7.710000,RETURN,30.000000,26.222374,-0.178291,-0.006414,3.777626
7.720000,RETURN,30.000000,26.127117,-0.166253,-0.006406,3.872883
7.730000,RETURN,30.000000,26.038579,-0.154529,-0.006397,3.961421
7.740000,RETURN,30.000000,25.956579,-0.143117,-0.006387,4.043421
7.750000,RETURN,30.000000,25.880938,-0.132018,-0.006374,4.119062
7.760000,RETURN,30.000000,25.811478,-0.121230,-0.006359,4.188522
7.770000,RETURN,30.000000,25.748022,-0.110753,-0.006342,4.251978
7.780000,RETURN,30.000000,25.690392,-0.100582,-0.006323,4.309608
7.790000,RETURN,30.000000,25.638415,-0.090718,-0.006301,4.361585
7.800000,RETURN,30.000000,25.591916,-0.081156,-0.006276,4.408084
7.810000,RETURN,30.000000,25.550724,-0.071894,-0.006249,4.449276
7.820000,RETURN,30.000000,25.514669,-0.062928,-0.006219,4.485331
7.830000,RETURN,30.000000,25.483583,-0.054256,-0.006186,4.516417
7.840000,RETURN,30.000000,25.457300,-0.045873,-0.006151,4.542700
7.850000,RETURN,30.000000,25.435656,-0.037776,-0.006113,4.564344
7.860000,RETURN,30.000000,25.418490,-0.029960,-0.006072,4.581510
7.870000,RETURN,30.000000,25.405642,-0.022422,-0.006029,4.594358
7.880000,RETURN,30.000000,25.396958,-0.015158,-0.005984,4.603042
7.890000,RETURN,30.000000,25.392281,-0.008162,-0.005936,4.607719
7.900000,RETURN,30.000000,25.391461,-0.001431,-0.005885,4.608539
7.910000,RETURN,30.000000,25.394349,0.005041,-0.005833,4.605651
7.920000,RETURN,30.000000,25.400799,0.011257,-0.005778,4.599201
7.930000,RETURN,30.000000,25.410667,0.017223,-0.005721,4.589333
7.940000,RETURN,30.000000,25.423813,0.022943,-0.005662,4.576187
7.950000,RETURN,30.000000,25.440098,0.028422,-0.005601,4.559902
7.960000,RETURN,30.000000,25.459387,0.033666,-0.005538,4.540613
7.970000,RETURN,30.000000,25.481547,0.038678,-0.005474,4.518453
7.980000,RETURN,30.000000,25.506450,0.043463,-0.005408,4.493550
7.990000,RETURN,30.000000,25.533968,0.048027,-0.005340,4.466032
8.000000,RETURN,30.000000,25.563976,0.052375,-0.005271,4.436024
8.010000,RETURN,30.000000,25.596355,0.056511,-0.005201,4.403645
8.020000,RETURN,30.000000,25.630984,0.060440,-0.005129,4.369016
8.030000,RETURN,30.000000,25.667750,0.064167,-0.005056,4.332250
8.040000,RETURN,30.000000,25.706537,0.067698,-0.004983,4.293463
8.050000,RETURN,30.000000,25.747238,0.071035,-0.004908,4.252762
8.060000,RETURN,30.000000,25.789743,0.074186,-0.004832,4.210257
8.070000,RETURN,30.000000,25.833949,0.077154,-0.004755,4.166051
8.080000,RETURN,30.000000,25.879753,0.079943,-0.004678,4.120247
8.090000,RETURN,30.000000,25.927056,0.082560,-0.004600,4.072944
8.100000,RETURN,30.000000,25.975762,0.085008,-0.004521,4.024238
8.110000,RETURN,30.000000,26.025777,0.087292,-0.004442,3.974223
8.120000,RETURN,30.000000,26.077009,0.089417,-0.004363,3.922991
8.130000,RETURN,30.000000,26.129370,0.091386,-0.004283,3.870630
8.140000,RETURN,30.000000,26.182773,0.093206,-0.004203,3.817227
8.150000,RETURN,30.000000,26.237134,0.094879,-0.004123,3.762866
8.160000,RETURN,30.000000,26.292374,0.096411,-0.004042,3.707626
8.170000,RETURN,30.000000,26.348412,0.097806,-0.003962,3.651588
8.180000,RETURN,30.000000,26.405174,0.099067,-0.003882,3.594826
8.190000,RETURN,30.000000,26.462584,0.100200,-0.003801,3.537416
8.200000,RETURN,30.000000,26.520572,0.101208,-0.003721,3.479428
8.210000,RETURN,30.000000,26.579068,0.102095,-0.003641,3.420932
8.220000,RETURN,30.000000,26.638006,0.102866,-0.003561,3.361994
8.230000,RETURN,30.000000,26.697321,0.103524,-0.003482,3.302679
8.240000,RETURN,30.000000,26.756951,0.104074,-0.003403,3.243049
8.250000,RETURN,30.000000,26.816836,0.104518,-0.003324,3.183164
8.260000,RETURN,30.000000,26.876917,0.104862,-0.003246,3.123083
8.270000,RETURN,30.000000,26.937140,0.105108,-0.003168,3.062860
8.280000,RETURN,30.000000,26.997449,0.105260,-0.003091,3.002551
8.290000,RETURN,30.000000,27.057794,0.105321,-0.003014,2.942206
8.300000,RETURN,30.000000,27.118124,0.105296,-0.002938,2.881876
8.310000,RETURN,30.000000,27.178392,0.105188,-0.002862,2.821608
8.320000,RETURN,30.000000,27.238553,0.105000,-0.002788,2.761447
8.330000,RETURN,30.000000,27.298561,0.104734,-0.002714,2.701439
8.340000,RETURN,30.000000,27.358375,0.104396,-0.002640,2.641625
8.350000,RETURN,30.000000,27.417956,0.103987,-0.002568,2.582044
8.360000,RETURN,30.000000,27.477263,0.103511,-0.002496,2.522737
8.370000,RETURN,30.000000,27.536261,0.102970,-0.002425,2.463739
8.380000,RETURN,30.000000,27.594914,0.102369,-0.002355,2.405086
8.390000,RETURN,30.000000,27.653188,0.101709,-0.002286,2.346812
8.400000,RETURN,30.000000,27.711053,0.100993,-0.002217,2.288947
8.410000,RETURN,30.000000,27.768478,0.100225,-0.002150,2.231522
8.420000,RETURN,30.000000,27.825434,0.099406,-0.002083,2.174566
8.430000,RETURN,30.000000,27.881893,0.098540,-0.002018,2.118107
8.440000,RETURN,30.000000,27.937831,0.097630,-0.001953,2.062169
8.450000,RETURN,30.000000,27.993222,0.096676,-0.001890,2.006778
8.460000,RETURN,30.000000,28.048044,0.095683,-0.001827,1.951956
8.470000,RETURN,30.000000,28.102276,0.094652,-0.001765,1.897724
8.480000,RETURN,30.000000,28.155896,0.093586,-0.001705,1.844104
8.490000,RETURN,30.000000,28.208887,0.092486,-0.001645,1.791113
8.500000,RETURN,30.000000,28.261230,0.091356,-0.001587,1.738770
8.510000,RETURN,30.000000,28.312910,0.090197,-0.001529,1.687090
8.520000,RETURN,30.000000,28.363909,0.089011,-0.001473,1.636091
8.530000,RETURN,30.000000,28.414215,0.087801,-0.001417,1.585785
8.540000,RETURN,30.000000,28.463815,0.086568,-0.001363,1.536185
8.550000,RETURN,30.000000,28.512696,0.085313,-0.001309,1.487304
8.560000,RETURN,30.000000,28.560847,0.084040,-0.001257,1.439153
8.570000,RETURN,30.000000,28.608259,0.082750,-0.001206,1.391741
8.580000,RETURN,30.000000,28.654923,0.081443,-0.001155,1.345077
8.590000,RETURN,30.000000,28.700830,0.080123,-0.001106,1.299170
8.600000,RETURN,30.000000,28.745974,0.078791,-0.001058,1.254026
8.610000,RETURN,30.000000,28.790349,0.077448,-0.001011,1.209651
8.620000,RETURN,30.000000,28.833948,0.076096,-0.000965,1.166052
8.630000,RETURN,30.000000,28.876768,0.074735,-0.000920,1.123232
8.640000,RETURN,30.000000,28.918806,0.073369,-0.000876,1.081194
8.650000,RETURN,30.000000,28.960057,0.071997,-0.000833,1.039943
8.660000,RETURN,30.000000,29.000520,0.070621,-0.000791,0.999480
8.670000,MOVE,30.000000,29.044132,0.076117,0.010247,0.955868
8.680000,MOVE,30.400000,29.087895,0.076381,0.002414,1.312105
8.690000,MOVE,30.800000,29.133155,0.078994,0.006344,1.666845
8.700000,MOVE,31.200000,29.181092,0.083667,0.009980,2.018908
8.710000,MOVE,31.600000,29.232738,0.090139,0.013355,2.367262
8.720000,MOVE,32.000000,29.288992,0.098180,0.016497,2.711008
8.730000,MOVE,32.400000,29.350631,0.107581,0.019432,3.049369
8.740000,MOVE,32.800000,29.418329,0.118156,0.022183,3.381671
8.750000,MOVE,33.200000,29.492663,0.129737,0.024771,3.707337
8.760000,MOVE,33.600000,29.574125,0.142177,0.027213,4.025875
8.770000,MOVE,34.000000,29.663128,0.155340,0.029527,4.336872
8.780000,MOVE,34.400000,29.760020,0.169108,0.031727,4.639980
8.790000,MOVE,34.800000,29.865085,0.183374,0.033825,4.934915
8.800000,MOVE,35.200000,29.978555,0.198042,0.035834,5.221445
8.810000,MOVE,35.600000,30.100611,0.213028,0.037765,5.499389
8.820000,MOVE,36.000000,30.231391,0.228254,0.039625,5.768609
8.830000,MOVE,36.400000,30.370994,0.243653,0.041425,6.029006
8.840000,MOVE,36.800000,30.519485,0.259165,0.043170,6.280515
8.850000,MOVE,37.200000,30.676897,0.274736,0.044868,6.523103
8.860000,MOVE,37.600000,30.843236,0.290317,0.046524,6.756764
8.870000,MOVE,38.000000,31.018485,0.305866,0.048144,6.981515
8.880000,MOVE,38.400000,31.202602,0.321345,0.049733,7.197398
8.890000,MOVE,38.800000,31.395530,0.336722,0.051294,7.404470
8.900000,MOVE,39.200000,31.597191,0.351965,0.052831,7.602809
8.910000,MOVE,39.600000,31.807494,0.367049,0.054348,7.792506
8.920000,MOVE,40.000000,32.026337,0.381952,0.055847,7.973663
8.930000,MOVE,40.400000,32.253602,0.396653,0.057331,8.146398
8.940000,MOVE,40.800000,32.489165,0.411134,0.058802,8.310835
8.950000,MOVE,41.200000,32.732890,0.425381,0.060263,8.467110
8.960000,MOVE,41.600000,32.984636,0.439380,0.061715,8.615364
8.970000,MOVE,42.000000,33.244255,0.453120,0.063159,8.755745
8.980000,MOVE,42.400000,33.511592,0.466591,0.064597,8.888408
8.990000,MOVE,42.800000,33.786488,0.479785,0.066030,9.013512
9.000000,MOVE,43.200000,34.068782,0.492696,0.067460,9.131218
9.010000,MOVE,43.600000,34.358308,0.505318,0.068886,9.241692
9.020000,MOVE,44.000000,34.654898,0.517646,0.070311,9.345102
9.030000,MOVE,44.400000,34.958381,0.529678,0.071734,9.441619
9.040000,MOVE,44.800000,35.268586,0.541410,0.073157,9.531414
9.050000,MOVE,45.200000,35.585341,0.552841,0.074579,9.614659
9.060000,MOVE,45.600000,35.908472,0.563970,0.076002,9.691528
9.070000,MOVE,46.000000,36.237807,0.574797,0.077426,9.762193
9.080000,MOVE,46.400000,36.573172,0.585322,0.078850,9.826828
9.090000,MOVE,46.800000,36.914395,0.595546,0.080275,9.885605
9.100000,MOVE,47.200000,37.261304,0.605470,0.081703,9.938696
9.110000,MOVE,47.600000,37.613728,0.615097,0.083131,9.986272
9.120000,MOVE,48.000000,37.971498,0.624427,0.084562,10.028502
9.130000,MOVE,48.400000,38.334446,0.633463,0.085994,10.065554
9.140000,MOVE,48.800000,38.702405,0.642209,0.087429,10.097595
9.150000,MOVE,49.200000,39.075210,0.650668,0.088865,10.124790
9.160000,MOVE,49.600000,39.452699,0.658842,0.090304,10.147301
9.170000,MOVE,50.000000,39.834710,0.666736,0.091745,10.165290
9.180000,MOVE,50.400000,40.221085,0.674352,0.093188,10.178915
9.190000,MOVE,50.800000,40.611668,0.681696,0.094633,10.188332
9.200000,MOVE,51.200000,41.006305,0.688771,0.096080,10.193695
9.210000,MOVE,51.600000,41.404843,0.695581,0.097529,10.195157
9.220000,MOVE,52.000000,41.807134,0.702130,0.098980,10.192866
9.230000,MOVE,52.400000,42.213031,0.708424,0.100434,10.186969
9.240000,MOVE,52.800000,42.622390,0.714466,0.101889,10.177610
9.250000,MOVE,53.200000,43.035069,0.720261,0.103346,10.164931
9.260000,MOVE,53.600000,43.450930,0.725815,0.104804,10.149070
9.270000,MOVE,54.000000,43.869837,0.731130,0.106265,10.130163
9.280000,MOVE,54.400000,44.291656,0.736213,0.107727,10.108344
9.290000,MOVE,54.800000,44.716257,0.741069,0.109190,10.083743
9.300000,MOVE,55.200000,45.143512,0.745701,0.110655,10.056488
9.310000,MOVE,55.600000,45.573296,0.750114,0.112122,10.026704
9.320000,MOVE,56.000000,46.005487,0.754315,0.113590,9.994513
9.330000,MOVE,56.400000,46.439964,0.758306,0.115059,9.960036
9.340000,MOVE,56.800000,46.876612,0.762094,0.116529,9.923388
9.350000,MOVE,57.200000,47.315317,0.765684,0.118000,9.884683
9.360000,MOVE,57.600000,47.755966,0.769079,0.119472,9.844034
9.370000,MOVE,58.000000,48.198453,0.772284,0.120945,9.801547
9.380000,MOVE,58.400000,48.642670,0.775305,0.122418,9.757330
9.390000,MOVE,58.800000,49.088515,0.778147,0.123893,9.711485
9.400000,MOVE,59.200000,49.535888,0.780813,0.125368,9.664112
9.410000,MOVE,59.600000,49.984691,0.783309,0.126843,9.615309
9.420000,MOVE,60.000000,50.434829,0.785639,0.128319,9.565171
9.430000,MOVE,60.400000,50.886209,0.787808,0.129796,9.513791
9.440000,MOVE,60.800000,51.338742,0.789820,0.131272,9.461258
9.450000,MOVE,61.200000,51.792341,0.791680,0.132750,9.407659
9.460000,MOVE,61.600000,52.246921,0.793392,0.134227,9.353079
9.470000,MOVE,62.000000,52.702400,0.794961,0.135704,9.297600
9.480000,MOVE,62.400000,53.158699,0.796391,0.137181,9.241301
9.490000,MOVE,62.800000,53.615739,0.797686,0.138659,9.184261
9.500000,MOVE,63.200000,54.073447,0.798851,0.140136,9.126553
9.510000,MOVE,63.600000,54.531750,0.799889,0.141613,9.068250
9.520000,MOVE,64.000000,54.990577,0.800805,0.143090,9.009423
9.530000,MOVE,64.400000,55.449862,0.801604,0.144567,8.950138
9.540000,MOVE,64.800000,55.909539,0.802288,0.146043,8.890461
9.550000,MOVE,65.200000,56.369545,0.802861,0.147519,8.830455
9.560000,MOVE,65.600000,56.829818,0.803329,0.148995,8.770182
9.570000,MOVE,66.000000,57.290301,0.803694,0.150470,8.709699
9.580000,MOVE,66.400000,57.750936,0.803960,0.151945,8.649064
9.590000,MOVE,66.800000,58.211669,0.804130,0.153419,8.588331
9.600000,MOVE,67.200000,58.672447,0.804210,0.154893,8.527553
9.610000,MOVE,67.600000,59.133220,0.804201,0.156366,8.466780
9.620000,MOVE,68.000000,59.593940,0.804107,0.157839,8.406060
9.630000,MOVE,68.400000,60.054559,0.803933,0.159310,8.345441
9.640000,MOVE,68.800000,60.515034,0.803680,0.160781,8.284966
9.650000,MOVE,69.200000,60.975321,0.803353,0.162252,8.224679
9.660000,MOVE,69.600000,61.435381,0.802955,0.163721,8.164619
9.670000,MOVE,70.000000,61.895172,0.802488,0.165190,8.104828
9.680000,MOVE,70.400000,62.354659,0.801955,0.166658,8.045341
9.690000,MOVE,70.800000,62.813805,0.801361,0.168125,7.986195
9.700000,MOVE,71.200000,63.272576,0.800707,0.169591,7.927424
9.710000,MOVE,71.600000,63.730941,0.799997,0.171056,7.869059
9.720000,MOVE,72.000000,64.188868,0.799233,0.172521,7.811132
9.730000,MOVE,72.400000,64.646328,0.798418,0.173984,7.753672
9.740000,MOVE,72.800000,65.103293,0.797555,0.175447,7.696707
9.750000,MOVE,73.200000,65.559738,0.796646,0.176908,7.640262
9.760000,MOVE,73.600000,66.015637,0.795694,0.178369,7.584363
9.770000,MOVE,74.000000,66.470967,0.794701,0.179828,7.529033
9.780000,MOVE,74.400000,66.925706,0.793670,0.181287,7.474294
9.790000,MOVE,74.800000,67.379834,0.792602,0.182744,7.420166
9.800000,MOVE,75.200000,67.833331,0.791501,0.184201,7.366669
9.810000,MOVE,75.600000,68.286179,0.790369,0.185656,7.313821
9.820000,MOVE,76.000000,68.738361,0.789207,0.187111,7.261639
9.830000,MOVE,76.400000,69.189862,0.788018,0.188564,7.210138
9.840000,MOVE,76.800000,69.640667,0.786803,0.190016,7.159333
9.850000,MOVE,77.200000,70.090763,0.785565,0.191468,7.109237
9.860000,MOVE,77.600000,70.540137,0.784306,0.192918,7.059863
9.870000,MOVE,78.000000,70.988778,0.783027,0.194367,7.011222
9.880000,MOVE,78.400000,71.436677,0.781730,0.195815,6.963323
9.890000,MOVE,78.800000,71.883823,0.780418,0.197262,6.916177
9.900000,MOVE,79.200000,72.330209,0.779091,0.198708,6.869791
9.910000,MOVE,79.600000,72.775828,0.777751,0.200153,6.824172
9.920000,MOVE,80.000000,73.220672,0.776400,0.201597,6.779328
9.930000,MOVE,80.400000,73.664737,0.775040,0.203040,6.735263
9.940000,MOVE,80.800000,74.108018,0.773671,0.204482,6.691982
9.950000,MOVE,81.200000,74.550511,0.772296,0.205922,6.649489
9.960000,MOVE,81.600000,74.992213,0.770915,0.207362,6.607787
9.970000,MOVE,82.000000,75.433121,0.769530,0.208801,6.566879
9.980000,MOVE,82.400000,75.873235,0.768143,0.210238,6.526765
9.990000,MOVE,82.800000,76.312552,0.766753,0.211675,6.487448
10.000000,MOVE,83.200000,76.751073,0.765364,0.213111,6.448927
10.010000,MOVE,83.600000,77.188799,0.763975,0.214545,6.411201
10.020000,MOVE,84.000000,77.625729,0.762588,0.215979,6.374271
10.030000,MOVE,84.400000,78.061867,0.761204,0.217412,6.338133
10.040000,MOVE,84.800000,78.497214,0.759824,0.218843,6.302786
10.050000,MOVE,85.200000,78.931773,0.758448,0.220274,6.268227
10.060000,MOVE,85.600000,79.365547,0.757079,0.221704,6.234453
10.070000,MOVE,86.000000,79.798540,0.755716,0.223133,6.201460
10.080000,MOVE,86.400000,80.230756,0.754360,0.224561,6.169244
10.090000,MOVE,86.800000,80.662201,0.753012,0.225988,6.137799
10.100000,MOVE,87.200000,81.092878,0.751674,0.227414,6.107122
10.110000,MOVE,87.600000,81.522794,0.750345,0.228839,6.077206
10.120000,MOVE,88.000000,81.951955,0.749027,0.230263,6.048045
10.130000,MOVE,88.400000,82.380367,0.747719,0.231687,6.019633
10.140000,MOVE,88.800000,82.808036,0.746424,0.233109,5.991964
10.150000,MOVE,89.200000,83.234970,0.745140,0.234531,5.965030
10.160000,MOVE,89.600000,83.661176,0.743870,0.235952,5.938824
10.170000,MOVE,90.000000,84.086661,0.742612,0.237372,5.913339
10.180000,MOVE,90.400000,84.511434,0.741369,0.238791,5.888566
10.190000,MOVE,90.800000,84.935503,0.740139,0.240210,5.864497
10.200000,MOVE,91.200000,85.358876,0.738925,0.241627,5.841124
10.210000,MOVE,91.600000,85.781561,0.737725,0.243044,5.818439
10.220000,MOVE,92.000000,86.203567,0.736541,0.244460,5.796433
10.230000,MOVE,92.400000,86.624905,0.735372,0.245876,5.775095
10.240000,MOVE,92.800000,87.045582,0.734220,0.247290,5.754418
10.250000,MOVE,93.200000,87.465608,0.733084,0.248704,5.734392
10.260000,MOVE,93.600000,87.884993,0.731964,0.250118,5.715007
10.270000,MOVE,94.000000,88.303746,0.730862,0.251530,5.696254
10.280000,MOVE,94.400000,88.721877,0.729777,0.252942,5.678123
10.290000,MOVE,94.800000,89.139396,0.728709,0.254353,5.660604
10.300000,MOVE,95.200000,89.556313,0.727658,0.255764,5.643687
10.310000,MOVE,95.600000,89.972639,0.726625,0.257174,5.627361
10.320000,MOVE,96.000000,90.388383,0.725610,0.258583,5.611617
10.330000,MOVE,96.400000,90.803555,0.724613,0.259992,5.596445
10.340000,MOVE,96.800000,91.218166,0.723633,0.261400,5.581834
10.350000,MOVE,97.200000,91.632227,0.722672,0.262808,5.567773
10.360000,MOVE,97.600000,92.045747,0.721729,0.264215,5.554253
10.370000,MOVE,98.000000,92.458737,0.720804,0.265622,5.541263
10.380000,MOVE,98.400000,92.871208,0.719897,0.267027,5.528792
10.390000,MOVE,98.800000,93.283170,0.719009,0.268433,5.516830
10.400000,MOVE,99.200000,93.694632,0.718138,0.269838,5.505368
10.410000,MOVE,99.600000,94.105607,0.717286,0.271242,5.494393
10.420000,MOVE,100.000000,94.516104,0.716452,0.272646,5.483896
10.430000,MOVE,100.400000,94.926133,0.715636,0.274050,5.473867
10.440000,MOVE,100.800000,95.335705,0.714838,0.275453,5.464295
10.450000,MOVE,101.200000,95.744830,0.714058,0.276855,5.455170
10.460000,MOVE,101.600000,96.153518,0.713296,0.278258,5.446482
10.470000,MOVE,102.000000,96.561781,0.712552,0.279659,5.438219
10.480000,MOVE,102.400000,96.969626,0.711825,0.281061,5.430374
10.490000,MOVE,102.800000,97.377066,0.711116,0.282461,5.422934
10.500000,MOVE,103.200000,97.784109,0.710425,0.283862,5.415891
10.510000,MOVE,103.600000,98.190767,0.709751,0.285262,5.409233
10.520000,MOVE,104.000000,98.597047,0.709094,0.286662,5.402953
10.530000,MOVE,104.400000,99.002961,0.708454,0.288061,5.397039
10.540000,MOVE,104.800000,99.408519,0.707831,0.289461,5.391481
10.550000,MOVE,105.200000,99.813728,0.707224,0.290859,5.386272
10.560000,MOVE,105.600000,100.218600,0.706635,0.292258,5.381400
10.570000,MOVE,106.000000,100.623143,0.706061,0.293656,5.376857
10.580000,MOVE,106.400000,101.027367,0.705504,0.295054,5.372633
10.590000,MOVE,106.800000,101.431281,0.704963,0.296452,5.368719
10.600000,MOVE,107.200000,101.834894,0.704437,0.297849,5.365106
10.610000,MOVE,107.600000,102.238215,0.703927,0.299246,5.361785
10.620000,MOVE,108.000000,102.641252,0.703433,0.300643,5.358748
10.630000,MOVE,108.400000,103.044015,0.702954,0.302039,5.355985
10.640000,MOVE,108.800000,103.446512,0.702490,0.303436,5.353488
10.650000,MOVE,109.200000,103.848751,0.702040,0.304832,5.351249
10.660000,MOVE,109.600000,104.250741,0.701605,0.306228,5.349259
10.670000,MOVE,110.000000,104.652491,0.701184,0.307623,5.347509
10.680000,MOVE,110.000000,105.052538,0.698215,0.304918,4.947462
10.690000,MOVE,110.000000,105.449603,0.693008,0.302528,4.550397
10.700000,MOVE,110.000000,105.842563,0.685846,0.300419,4.157437
10.710000,MOVE,110.000000,106.230443,0.676977,0.298561,3.769557
10.720000,MOVE,110.000000,106.612393,0.666629,0.296925,3.387607
10.730000,MOVE,110.000000,106.987680,0.655000,0.295487,3.012320
10.740000,MOVE,110.000000,107.355676,0.642273,0.294224,2.644324
10.750000,MOVE,110.000000,107.715842,0.628609,0.293118,2.284158
10.760000,MOVE,110.000000,108.067724,0.614151,0.292150,1.932276
10.770000,MOVE,110.000000,108.410943,0.599030,0.291304,1.589057
10.780000,MOVE,110.000000,108.745184,0.583360,0.290567,1.254816
10.790000,MOVE,110.000000,109.070193,0.567247,0.289926,0.929807
10.800000,MOVE,110.000000,109.385767,0.550782,0.289370,0.614233
10.810000,MOVE,110.000000,109.691754,0.534047,0.288888,0.308246
10.820000,MOVE,110.000000,109.988040,0.517117,0.288472,0.011960
10.830000,MOVE,110.000000,110.274552,0.500058,0.288114,-0.274552
10.840000,MOVE,110.000000,110.551249,0.482927,0.287806,-0.551249
10.850000,MOVE,110.000000,110.818120,0.465778,0.287543,-0.818120
10.860000,MOVE,110.000000,111.075181,0.448656,0.287319,-1.075181
10.870000,MOVE,110.000000,111.322472,0.431604,0.287128,-1.322472
10.880000,MOVE,110.000000,111.560053,0.414657,0.286966,-1.560053
10.890000,MOVE,110.000000,111.788003,0.397848,0.286830,-1.788003
10.900000,MOVE,110.000000,112.006418,0.381206,0.286715,-2.006418
10.910000,MOVE,110.000000,112.215407,0.364755,0.286620,-2.215407
10.920000,MOVE,110.000000,112.415093,0.348518,0.286540,-2.415093
10.930000,MOVE,110.000000,112.605610,0.332514,0.286473,-2.605610
10.940000,MOVE,110.000000,112.787100,0.316760,0.286418,-2.787100
10.950000,MOVE,110.000000,112.959716,0.301271,0.286372,-2.959716
10.960000,MOVE,110.000000,113.123616,0.286059,0.286334,-3.123616
10.970000,MOVE,110.000000,113.278965,0.271135,0.286302,-3.278965
10.980000,MOVE,110.000000,113.425933,0.256508,0.286275,-3.425933
10.990000,MOVE,110.000000,113.564695,0.242186,0.286251,-3.564695
11.000000,MOVE,110.000000,113.695429,0.228174,0.286230,-3.695429
11.010000,MOVE,110.000000,113.818316,0.214479,0.286212,-3.818316
11.020000,MOVE,110.000000,113.933540,0.201103,0.286194,-3.933540
11.030000,MOVE,110.000000,114.041286,0.188051,0.286177,-4.041286
11.040000,MOVE,110.000000,114.141739,0.175324,0.286159,-4.141739
11.050000,MOVE,110.000000,114.235087,0.162923,0.286142,-4.235087
11.060000,MOVE,110.000000,114.321517,0.150849,0.286123,-4.321517
11.070000,MOVE,110.000000,114.401217,0.139103,0.286102,-4.401217
11.080000,MOVE,110.000000,114.474374,0.127682,0.286081,-4.474374
11.090000,MOVE,110.000000,114.541173,0.116587,0.286057,-4.541173
11.100000,MOVE,110.000000,114.601801,0.105816,0.286031,-4.601801
11.110000,MOVE,110.000000,114.656442,0.095366,0.286003,-4.656442
11.120000,MOVE,110.000000,114.705278,0.085235,0.285973,-4.705278
11.130000,MOVE,110.000000,114.748490,0.075420,0.285940,-4.748490
11.140000,MOVE,110.000000,114.786259,0.065918,0.285905,-4.786259
11.150000,MOVE,110.000000,114.818760,0.056726,0.285867,-4.818760
11.160000,MOVE,110.000000,114.846170,0.047840,0.285826,-4.846170
11.170000,MOVE,110.000000,114.868662,0.039256,0.285783,-4.868662
11.180000,MOVE,110.000000,114.886407,0.030970,0.285738,-4.886407
11.190000,MOVE,110.000000,114.899572,0.022978,0.285690,-4.899572
11.200000,MOVE,110.000000,114.908324,0.015275,0.285640,-4.908324
11.210000,MOVE,110.000000,114.912826,0.007857,0.285587,-4.912826
11.220000,MOVE,110.000000,114.913239,0.000720,0.285532,-4.913239
11.230000,MOVE,110.000000,114.909719,-0.006142,0.285474,-4.909719
11.240000,MOVE,110.000000,114.902424,-0.012734,0.285414,-4.902424
11.250000,MOVE,110.000000,114.891503,-0.019059,0.285353,-4.891503
11.260000,MOVE,110.000000,114.877108,-0.025125,0.285289,-4.877108
11.270000,MOVE,110.000000,114.859384,-0.030934,0.285223,-4.859384
11.280000,MOVE,110.000000,114.838475,-0.036493,0.285155,-4.838475
11.290000,MOVE,110.000000,114.814522,-0.041807,0.285086,-4.814522
11.300000,MOVE,110.000000,114.787662,-0.046880,0.285015,-4.787662
11.310000,MOVE,110.000000,114.758029,-0.051718,0.284942,-4.758029
11.320000,MOVE,110.000000,114.725757,-0.056326,0.284868,-4.725757
11.330000,MOVE,110.000000,114.690973,-0.060709,0.284792,-4.690973
11.340000,MOVE,110.000000,114.653803,-0.064873,0.284716,-4.653803
11.350000,MOVE,110.000000,114.614371,-0.068822,0.284638,-4.614371
11.360000,MOVE,110.000000,114.572796,-0.072562,0.284558,-4.572796
11.370000,MOVE,110.000000,114.529195,-0.076098,0.284478,-4.529195
11.380000,MOVE,110.000000,114.483682,-0.079435,0.284397,-4.483682
11.390000,MOVE,110.000000,114.436369,-0.082577,0.284315,-4.436369
11.400000,MOVE,110.000000,114.387363,-0.085531,0.284232,-4.387363
11.410000,MOVE,110.000000,114.336771,-0.088300,0.284149,-4.336771
11.420000,MOVE,110.000000,114.284694,-0.090891,0.284065,-4.284694
11.430000,MOVE,110.000000,114.231233,-0.093307,0.283981,-4.231233
11.440000,MOVE,110.000000,114.176485,-0.095554,0.283896,-4.176485
11.450000,MOVE,110.000000,114.120543,-0.097636,0.283811,-4.120543
11.460000,MOVE,110.000000,114.063500,-0.099559,0.283725,-4.063500
11.470000,MOVE,110.000000,114.005444,-0.101327,0.283640,-4.005444
11.480000,MOVE,110.000000,113.946461,-0.102944,0.283554,-3.946461
11.490000,MOVE,110.000000,113.886636,-0.104415,0.283468,-3.886636
11.500000,MOVE,110.000000,113.826048,-0.105746,0.283382,-3.826048
11.510000,MOVE,110.000000,113.764777,-0.106939,0.283297,-3.764777
11.520000,MOVE,110.000000,113.702897,-0.108000,0.283211,-3.702897
11.530000,MOVE,110.000000,113.640484,-0.108932,0.283126,-3.640484
11.540000,MOVE,110.000000,113.577607,-0.109741,0.283041,-3.577607
11.550000,MOVE,110.000000,113.514335,-0.110431,0.282956,-3.514335
11.560000,MOVE,110.000000,113.450734,-0.111004,0.282872,-3.450734
11.570000,MOVE,110.000000,113.386868,-0.111467,0.282788,-3.386868
11.580000,MOVE,110.000000,113.322799,-0.111822,0.282704,-3.322799
11.590000,MOVE,110.000000,113.258585,-0.112073,0.282621,-3.258585
11.600000,MOVE,110.000000,113.194285,-0.112225,0.282539,-3.194285
11.610000,MOVE,110.000000,113.129953,-0.112281,0.282457,-3.129953
11.620000,MOVE,110.000000,113.065641,-0.112245,0.282376,-3.065641
11.630000,MOVE,110.000000,113.001400,-0.112121,0.282296,-3.001400
11.640000,MOVE,110.000000,112.937280,-0.111911,0.282216,-2.937280
11.650000,MOVE,110.000000,112.873327,-0.111620,0.282137,-2.873327
11.660000,MOVE,110.000000,112.809584,-0.111251,0.282059,-2.809584
11.670000,MOVE,110.000000,112.746096,-0.110808,0.281982,-2.746096
11.680000,MOVE,110.000000,112.682903,-0.110293,0.281906,-2.682903
11.690000,MOVE,110.000000,112.620044,-0.109710,0.281830,-2.620044
11.700000,MOVE,110.000000,112.557556,-0.109062,0.281755,-2.557556
11.710000,MOVE,110.000000,112.495475,-0.108352,0.281682,-2.495475
11.720000,MOVE,110.000000,112.433834,-0.107583,0.281609,-2.433834
11.730000,MOVE,110.000000,112.372666,-0.106758,0.281537,-2.372666
11.740000,MOVE,110.000000,112.312001,-0.105881,0.281466,-2.312001
11.750000,MOVE,110.000000,112.251868,-0.104952,0.281397,-2.251868
11.760000,MOVE,110.000000,112.192294,-0.103976,0.281328,-2.192294
11.770000,MOVE,110.000000,112.133304,-0.102956,0.281260,-2.133304
11.780000,MOVE,110.000000,112.074924,-0.101892,0.281193,-2.074924
11.790000,MOVE,110.000000,112.017176,-0.100789,0.281128,-2.017176
11.800000,MOVE,110.000000,111.960082,-0.099649,0.281063,-1.960082
11.810000,MOVE,110.000000,111.903660,-0.098473,0.281000,-1.903660
11.820000,MOVE,110.000000,111.847932,-0.097265,0.280938,-1.847932
11.830000,MOVE,110.000000,111.792912,-0.096027,0.280876,-1.792912
11.840000,MOVE,110.000000,111.738619,-0.094760,0.280816,-1.738619
11.850000,MOVE,110.000000,111.685067,-0.093467,0.280757,-1.685067
11.860000,MOVE,110.000000,111.632269,-0.092150,0.280699,-1.632269
11.870000,MOVE,110.000000,111.580238,-0.090810,0.280643,-1.580238
11.880000,MOVE,110.000000,111.528987,-0.089451,0.280587,-1.528987
11.890000,MOVE,110.000000,111.478524,-0.088073,0.280532,-1.478524
11.900000,MOVE,110.000000,111.428861,-0.086679,0.280479,-1.428861
11.910000,MOVE,110.000000,111.380004,-0.085271,0.280427,-1.380004
11.920000,MOVE,110.000000,111.331962,-0.083849,0.280375,-1.331962
11.930000,MOVE,110.000000,111.284741,-0.082416,0.280325,-1.284741
11.940000,MOVE,110.000000,111.238347,-0.080974,0.280276,-1.238347
11.950000,MOVE,110.000000,111.192783,-0.079523,0.280229,-1.192783
11.960000,MOVE,110.000000,111.148055,-0.078065,0.280182,-1.148055
11.970000,MOVE,110.000000,111.104166,-0.076602,0.280136,-1.104166
11.980000,MOVE,110.000000,111.061116,-0.075136,0.280091,-1.061116
11.990000,MOVE,110.000000,111.018908,-0.073666,0.280048,-1.018908
12.000000,MOVE,110.000000,110.977543,-0.072196,0.280006,-0.977543
12.010000,HOLD,110.000000,110.937021,-0.070725,0.279964,-0.937021
12.020000,HOLD,110.000000,110.897340,-0.069256,0.279924,-0.897340
12.030000,HOLD,110.000000,110.858500,-0.067788,0.279885,-0.858500
12.040000,HOLD,110.000000,110.820499,-0.066325,0.279846,-0.820499
12.050000,HOLD,110.000000,110.783334,-0.064865,0.279809,-0.783334
12.060000,HOLD,110.000000,110.747003,-0.063411,0.279773,-0.747003
12.070000,HOLD,110.000000,110.711500,-0.061963,0.279738,-0.711500
12.080000,HOLD,110.000000,110.676823,-0.060523,0.279704,-0.676823
12.090000,HOLD,110.000000,110.642967,-0.059090,0.279670,-0.642967
12.100000,HOLD,110.000000,110.609926,-0.057667,0.279638,-0.609926
12.110000,HOLD,110.000000,110.577696,-0.056253,0.279607,-0.577696
12.120000,HOLD,110.000000,110.546269,-0.054850,0.279577,-0.546269
12.130000,HOLD,110.000000,110.515640,-0.053458,0.279547,-0.515640
12.140000,HOLD,110.000000,110.485802,-0.052078,0.279519,-0.485802
12.150000,HOLD,110.000000,110.456747,-0.050710,0.279491,-0.456747
12.160000,HOLD,110.000000,110.428468,-0.049356,0.279464,-0.428468
12.170000,HOLD,110.000000,110.400958,-0.048015,0.279439,-0.400958
12.180000,HOLD,110.000000,110.374207,-0.046688,0.279414,-0.374207
12.190000,HOLD,110.000000,110.348209,-0.045376,0.279390,-0.348209
12.200000,HOLD,110.000000,110.322953,-0.044080,0.279366,-0.322953
12.210000,HOLD,110.000000,110.298431,-0.042799,0.279344,-0.298431
12.220000,HOLD,110.000000,110.274634,-0.041534,0.279322,-0.274634
12.230000,HOLD,110.000000,110.251552,-0.040285,0.279302,-0.251552
12.240000,HOLD,110.000000,110.229176,-0.039054,0.279282,-0.229176
12.250000,HOLD,110.000000,110.207496,-0.037839,0.279262,-0.207496
12.260000,HOLD,110.000000,110.186502,-0.036642,0.279244,-0.186502
12.270000,HOLD,110.000000,110.166183,-0.035462,0.279226,-0.166183
12.280000,HOLD,110.000000,110.146531,-0.034301,0.279209,-0.146531
12.290000,HOLD,110.000000,110.127533,-0.033157,0.279192,-0.127533
12.300000,HOLD,110.000000,110.109180,-0.032032,0.279177,-0.109180
12.310000,HOLD,110.000000,110.091461,-0.030926,0.279162,-0.091461
12.320000,HOLD,110.000000,110.074365,-0.029838,0.279147,-0.074365
12.330000,HOLD,110.000000,110.057881,-0.028769,0.279134,-0.057881
12.340000,HOLD,110.000000,110.041999,-0.027719,0.279121,-0.041999
12.350000,HOLD,110.000000,110.026708,-0.026688,0.279108,-0.026708
12.360000,HOLD,110.000000,110.011996,-0.025677,0.279096,-0.011996
12.370000,HOLD,110.000000,109.997853,-0.024684,0.279085,0.002147
12.380000,HOLD,110.000000,109.984268,-0.023711,0.279075,0.015732
12.390000,HOLD,110.000000,109.971229,-0.022757,0.279064,0.028771
12.400000,HOLD,110.000000,109.958726,-0.021822,0.279055,0.041274
12.410000,HOLD,110.000000,109.946748,-0.020906,0.279046,0.053252
12.420000,HOLD,110.000000,109.935283,-0.020010,0.279037,0.064717
12.430000,HOLD,110.000000,109.924321,-0.019133,0.279029,0.075679
12.440000,HOLD,110.000000,109.913850,-0.018275,0.279022,0.086150
12.450000,HOLD,110.000000,109.903860,-0.017436,0.279015,0.096140
12.460000,HOLD,110.000000,109.894339,-0.016616,0.279008,0.105661
12.470000,HOLD,110.000000,109.885278,-0.015815,0.279002,0.114722
12.480000,HOLD,110.000000,109.876665,-0.015033,0.278997,0.123335
12.490000,HOLD,110.000000,109.868489,-0.014270,0.278991,0.131511
12.500000,HOLD,110.000000,109.860740,-0.013525,0.278987,0.139260
12.510000,HOLD,110.000000,109.853407,-0.012798,0.278982,0.146593
12.520000,HOLD,110.000000,109.846480,-0.012090,0.278978,0.153520
12.530000,HOLD,110.000000,109.839948,-0.011400,0.278974,0.160052
12.540000,HOLD,110.000000,109.833801,-0.010728,0.278971,0.166199
12.550000,HOLD,110.000000,109.828029,-0.010074,0.278968,0.171971
12.560000,HOLD,110.000000,109.822622,-0.009437,0.278966,0.177378
12.570000,HOLD,110.000000,109.817570,-0.008818,0.278963,0.182430
12.580000,HOLD,110.000000,109.812862,-0.008216,0.278961,0.187138
12.590000,HOLD,110.000000,109.808489,-0.007632,0.278960,0.191511
12.600000,HOLD,110.000000,109.804442,-0.007064,0.278959,0.195558
12.610000,HOLD,110.000000,109.800711,-0.006513,0.278957,0.199289
12.620000,HOLD,110.000000,109.797286,-0.005978,0.278957,0.202714
12.630000,HOLD,110.000000,109.794158,-0.005459,0.278956,0.205842
12.640000,HOLD,110.000000,109.791318,-0.004957,0.278956,0.208682
12.650000,HOLD,110.000000,109.788757,-0.004470,0.278956,0.211243
12.660000,HOLD,110.000000,109.786465,-0.003999,0.278956,0.213535
12.670000,HOLD,110.000000,109.784435,-0.003543,0.278957,0.215565
12.680000,HOLD,110.000000,109.782658,-0.003102,0.278957,0.217342
12.690000,HOLD,110.000000,109.781125,-0.002676,0.278958,0.218875
12.700000,HOLD,110.000000,109.779827,-0.002265,0.278959,0.220173
12.710000,HOLD,110.000000,109.778757,-0.001868,0.278961,0.221243
12.720000,HOLD,110.000000,109.777906,-0.001485,0.278962,0.222094
12.730000,HOLD,110.000000,109.777267,-0.001116,0.278964,0.222733
12.740000,HOLD,110.000000,109.776831,-0.000760,0.278966,0.223169
12.750000,HOLD,110.000000,109.776591,-0.000418,0.278968,0.223409
12.760000,HOLD,110.000000,109.776540,-0.000089,0.278970,0.223460
12.770000,HOLD,110.000000,109.776670,0.000227,0.278972,0.223330
12.780000,HOLD,110.000000,109.776974,0.000530,0.278975,0.223026
12.790000,HOLD,110.000000,109.777444,0.000821,0.278977,0.222556
12.800000,HOLD,110.000000,109.778075,0.001100,0.278980,0.221925
12.810000,HOLD,110.000000,109.778858,0.001367,0.278982,0.221142
12.820000,HOLD,110.000000,109.779788,0.001623,0.278985,0.220212
12.830000,HOLD,110.000000,109.780858,0.001867,0.278988,0.219142
12.840000,HOLD,110.000000,109.782061,0.002100,0.278991,0.217939
12.850000,HOLD,110.000000,109.783392,0.002323,0.278995,0.216608
12.860000,HOLD,110.000000,109.784844,0.002534,0.278998,0.215156
12.870000,HOLD,110.000000,109.786412,0.002736,0.279001,0.213588
12.880000,HOLD,110.000000,109.788089,0.002927,0.279005,0.211911
12.890000,HOLD,110.000000,109.789870,0.003108,0.279008,0.210130
12.900000,HOLD,110.000000,109.791749,0.003280,0.279012,0.208251
12.910000,HOLD,110.000000,109.793721,0.003442,0.279015,0.206279
12.920000,HOLD,110.000000,109.795781,0.003596,0.279019,0.204219
12.930000,HOLD,110.000000,109.797924,0.003740,0.279022,0.202076
12.940000,HOLD,110.000000,109.800145,0.003876,0.279026,0.199855
12.950000,HOLD,110.000000,109.802438,0.004003,0.279030,0.197562
12.960000,HOLD,110.000000,109.804800,0.004122,0.279034,0.195200
12.970000,HOLD,110.000000,109.807225,0.004233,0.279037,0.192775
12.980000,HOLD,110.000000,109.809709,0.004336,0.279041,0.190291
12.990000,HOLD,110.000000,109.812249,0.004432,0.279045,0.187751
13.000000,HOLD,110.000000,109.814839,0.004520,0.279049,0.185161
13.010000,HOLD,110.000000,109.817475,0.004602,0.279053,0.182525
13.020000,HOLD,110.000000,109.820154,0.004676,0.279057,0.179846
13.030000,HOLD,110.000000,109.822872,0.004744,0.279061,0.177128
13.040000,HOLD,110.000000,109.825625,0.004805,0.279064,0.174375
13.050000,HOLD,110.000000,109.828410,0.004860,0.279068,0.171590
13.060000,HOLD,110.000000,109.831222,0.004909,0.279072,0.168778
13.070000,HOLD,110.000000,109.834060,0.004952,0.279076,0.165940
13.080000,HOLD,110.000000,109.836919,0.004990,0.279080,0.163081
13.090000,HOLD,110.000000,109.839796,0.005022,0.279084,0.160204
13.100000,HOLD,110.000000,109.842688,0.005048,0.279088,0.157312
13.110000,HOLD,110.000000,109.845593,0.005070,0.279091,0.154407
13.120000,HOLD,110.000000,109.848507,0.005087,0.279095,0.151493
13.130000,HOLD,110.000000,109.851429,0.005098,0.279099,0.148571
13.140000,HOLD,110.000000,109.854354,0.005106,0.279103,0.145646
13.150000,HOLD,110.000000,109.857281,0.005109,0.279106,0.142719
13.160000,HOLD,110.000000,109.860208,0.005108,0.279110,0.139792
13.170000,HOLD,110.000000,109.863131,0.005102,0.279114,0.136869
13.180000,HOLD,110.000000,109.866049,0.005093,0.279117,0.133951
13.190000,HOLD,110.000000,109.868960,0.005080,0.279121,0.131040
13.200000,HOLD,110.000000,109.871862,0.005064,0.279125,0.128138
13.210000,HOLD,110.000000,109.874752,0.005044,0.279128,0.125248
13.220000,HOLD,110.000000,109.877629,0.005021,0.279132,0.122371
13.230000,HOLD,110.000000,109.880491,0.004995,0.279135,0.119509
13.240000,HOLD,110.000000,109.883336,0.004966,0.279138,0.116664
13.250000,HOLD,110.000000,109.886163,0.004934,0.279142,0.113837
13.260000,HOLD,110.000000,109.888970,0.004899,0.279145,0.111030
13.270000,HOLD,110.000000,109.891755,0.004862,0.279148,0.108245
13.280000,HOLD,110.000000,109.894518,0.004822,0.279152,0.105482
13.290000,HOLD,110.000000,109.897257,0.004780,0.279155,0.102743
13.300000,HOLD,110.000000,109.899970,0.004736,0.279158,0.100030
13.310000,HOLD,110.000000,109.902657,0.004690,0.279161,0.097343
13.320000,HOLD,110.000000,109.905317,0.004641,0.279164,0.094683
13.330000,HOLD,110.000000,109.907947,0.004591,0.279167,0.092053
13.340000,HOLD,110.000000,109.910548,0.004540,0.279170,0.089452
13.350000,HOLD,110.000000,109.913119,0.004486,0.279173,0.086881
13.360000,HOLD,110.000000,109.915658,0.004432,0.279176,0.084342
13.370000,HOLD,110.000000,109.918165,0.004375,0.279178,0.081835
13.380000,HOLD,110.000000,109.920639,0.004318,0.279181,0.079361
13.390000,HOLD,110.000000,109.923079,0.004259,0.279184,0.076921
13.400000,HOLD,110.000000,109.925485,0.004199,0.279187,0.074515
13.410000,HOLD,110.000000,109.927856,0.004138,0.279189,0.072144
13.420000,HOLD,110.000000,109.930192,0.004077,0.279192,0.069808
13.430000,HOLD,110.000000,109.932492,0.004014,0.279194,0.067508
13.440000,HOLD,110.000000,109.934755,0.003951,0.279197,0.065245
13.450000,HOLD,110.000000,109.936982,0.003887,0.279199,0.063018
13.460000,HOLD,110.000000,109.939172,0.003822,0.279201,0.060828
13.470000,HOLD,110.000000,109.941325,0.003757,0.279204,0.058675
13.480000,HOLD,110.000000,109.943440,0.003691,0.279206,0.056560
13.490000,HOLD,110.000000,109.945517,0.003625,0.279208,0.054483
13.500000,HOLD,110.000000,109.947556,0.003559,0.279210,0.052444
13.510000,HOLD,110.000000,109.949557,0.003492,0.279212,0.050443
13.520000,HOLD,110.000000,109.951520,0.003426,0.279214,0.048480
13.530000,HOLD,110.000000,109.953444,0.003359,0.279216,0.046556
13.540000,HOLD,110.000000,109.955330,0.003292,0.279218,0.044670
13.550000,HOLD,110.000000,109.957178,0.003225,0.279220,0.042822
13.560000,HOLD,110.000000,109.958988,0.003158,0.279222,0.041012
13.570000,HOLD,110.000000,109.960759,0.003091,0.279224,0.039241
13.580000,HOLD,110.000000,109.962492,0.003025,0.279225,0.037508
13.590000,HOLD,110.000000,109.964187,0.002958,0.279227,0.035813
13.600000,HOLD,110.000000,109.965844,0.002892,0.279229,0.034156
13.610000,HOLD,110.000000,109.967463,0.002826,0.279230,0.032537
13.620000,HOLD,110.000000,109.969045,0.002761,0.279232,0.030955
13.630000,HOLD,110.000000,109.970589,0.002695,0.279233,0.029411
13.640000,HOLD,110.000000,109.972096,0.002631,0.279235,0.027904
13.650000,HOLD,110.000000,109.973567,0.002566,0.279236,0.026433
13.660000,HOLD,110.000000,109.975001,0.002502,0.279238,0.024999
13.670000,HOLD,110.000000,109.976398,0.002439,0.279239,0.023602
13.680000,HOLD,110.000000,109.977759,0.002376,0.279240,0.022241
13.690000,HOLD,110.000000,109.979085,0.002314,0.279242,0.020915
13.700000,HOLD,110.000000,109.980375,0.002252,0.279243,0.019625
13.710000,HOLD,110.000000,109.981631,0.002191,0.279244,0.018369
13.720000,HOLD,110.000000,109.982851,0.002131,0.279245,0.017149
13.730000,HOLD,110.000000,109.984038,0.002071,0.279246,0.015962
13.740000,HOLD,110.000000,109.985190,0.002012,0.279247,0.014810
13.750000,HOLD,110.000000,109.986310,0.001953,0.279248,0.013690
13.760000,HOLD,110.000000,109.987396,0.001896,0.279249,0.012604
13.770000,HOLD,110.000000,109.988449,0.001839,0.279250,0.011551
13.780000,HOLD,110.000000,109.989471,0.001783,0.279251,0.010529
13.790000,HOLD,110.000000,109.990460,0.001727,0.279252,0.009540
13.800000,HOLD,110.000000,109.991419,0.001673,0.279253,0.008581
13.810000,HOLD,110.000000,109.992347,0.001619,0.279254,0.007653
13.820000,HOLD,110.000000,109.993244,0.001566,0.279255,0.006756
13.830000,HOLD,110.000000,109.994111,0.001514,0.279255,0.005889
13.840000,HOLD,110.000000,109.994949,0.001463,0.279256,0.005051
13.850000,HOLD,110.000000,109.995759,0.001412,0.279257,0.004241
13.860000,HOLD,110.000000,109.996539,0.001363,0.279257,0.003461
13.870000,HOLD,110.000000,109.997292,0.001314,0.279258,0.002708
13.880000,HOLD,110.000000,109.998018,0.001266,0.279259,0.001982
13.890000,HOLD,110.000000,109.998716,0.001219,0.279259,0.001284
13.900000,HOLD,110.000000,109.999388,0.001173,0.279260,0.000612
13.910000,HOLD,110.000000,110.000034,0.001128,0.279260,-0.000034
13.920000,HOLD,110.000000,110.000655,0.001083,0.279261,-0.000655
13.930000,HOLD,110.000000,110.001251,0.001040,0.279261,-0.001251
13.940000,HOLD,110.000000,110.001822,0.000997,0.279262,-0.001822
13.950000,HOLD,110.000000,110.002370,0.000955,0.279262,-0.002370
13.960000,HOLD,110.000000,110.002894,0.000915,0.279262,-0.002894
13.970000,HOLD,110.000000,110.003395,0.000875,0.279263,-0.003395
13.980000,HOLD,110.000000,110.003873,0.000835,0.279263,-0.003873
13.990000,HOLD,110.000000,110.004330,0.000797,0.279263,-0.004330
14.000000,HOLD,110.000000,110.004766,0.000760,0.279264,-0.004766
14.010000,RETURN,110.000000,109.905158,-0.173847,-0.000049,0.094842
14.020000,RETURN,109.600000,109.718494,-0.325791,0.023643,-0.118494
14.030000,RETURN,109.200000,109.456385,-0.457467,0.044783,-0.256385
14.040000,RETURN,108.800000,109.129171,-0.571096,0.063526,-0.329171
14.050000,RETURN,108.400000,108.746054,-0.668666,0.080124,-0.346054
14.060000,RETURN,108.000000,108.315215,-0.751955,0.094806,-0.315215
14.070000,RETURN,107.600000,107.843926,-0.822556,0.107774,-0.243926
14.080000,RETURN,107.200000,107.338639,-0.881892,0.119209,-0.138639
14.090000,RETURN,106.800000,106.805078,-0.931239,0.129276,-0.005078
14.100000,RETURN,106.400000,106.248315,-0.971736,0.138118,0.151685
14.110000,RETURN,106.000000,105.672834,-1.004404,0.145867,0.327166
14.120000,RETURN,105.600000,105.082599,-1.030154,0.152639,0.517401
14.130000,RETURN,105.200000,104.481106,-1.049804,0.158538,0.718894
14.140000,RETURN,104.800000,103.871432,-1.064082,0.163657,0.928568
14.150000,RETURN,104.400000,103.256281,-1.073640,0.168080,1.143719
14.160000,RETURN,104.000000,102.638024,-1.079063,0.171882,1.361976
14.170000,RETURN,103.600000,102.018731,-1.080869,0.175129,1.581269
14.180000,RETURN,103.200000,101.400209,-1.079526,0.177882,1.799791
14.190000,RETURN,102.800000,100.784023,-1.075447,0.180192,2.015977
14.200000,RETURN,102.400000,100.171528,-1.069005,0.182109,2.228472
14.210000,RETURN,102.000000,99.563889,-1.060530,0.183675,2.436111
14.220000,RETURN,101.600000,98.962102,-1.050317,0.184927,2.637898
14.230000,RETURN,101.200000,98.367011,-1.038629,0.185901,2.832989
14.240000,RETURN,100.800000,97.779328,-1.025701,0.186626,3.020672
14.250000,RETURN,100.400000,97.199642,-1.011742,0.187130,3.200358
14.260000,RETURN,100.000000,96.628440,-0.996937,0.187438,3.371560
14.270000,RETURN,99.600000,96.066110,-0.981450,0.187570,3.533890
14.280000,RETURN,99.200000,95.512960,-0.965429,0.187546,3.687040
14.290000,RETURN,98.800000,94.969221,-0.949003,0.187384,3.830779
14.300000,RETURN,98.400000,94.435059,-0.932288,0.187100,3.964941
14.310000,RETURN,98.000000,93.910582,-0.915385,0.186706,4.089418
14.320000,RETURN,97.600000,93.395847,-0.898384,0.186215,4.204153
14.330000,RETURN,97.200000,92.890863,-0.881363,0.185639,4.309137
14.340000,RETURN,96.800000,92.395601,-0.864394,0.184986,4.404399
14.350000,RETURN,96.400000,91.909999,-0.847536,0.184267,4.490001
14.360000,RETURN,96.000000,91.433961,-0.830843,0.183488,4.566039
14.370000,RETURN,95.600000,90.967366,-0.814362,0.182656,4.632634
14.380000,RETURN,95.200000,90.510069,-0.798133,0.181778,4.689931
14.390000,RETURN,94.800000,90.061908,-0.782190,0.180859,4.738092
14.400000,RETURN,94.400000,89.622699,-0.766564,0.179904,4.777301
14.410000,RETURN,94.000000,89.192247,-0.751280,0.178917,4.807753
14.420000,RETURN,93.600000,88.770343,-0.736361,0.177902,4.829657
14.430000,RETURN,93.200000,88.356769,-0.721822,0.176863,4.843231
14.440000,RETURN,92.800000,87.951298,-0.707681,0.175802,4.848702
14.450000,RETURN,92.400000,87.553695,-0.693948,0.174723,4.846305
14.460000,RETURN,92.000000,87.163721,-0.680633,0.173627,4.836279
14.470000,RETURN,91.600000,86.781132,-0.667745,0.172517,4.818868
14.480000,RETURN,91.200000,86.405680,-0.655287,0.171394,4.794320
14.490000,RETURN,90.800000,86.037117,-0.643263,0.170260,4.762883
14.500000,RETURN,90.400000,85.675194,-0.631676,0.169117,4.724806
14.510000,RETURN,90.000000,85.319658,-0.620526,0.167966,4.680342
14.520000,RETURN,89.600000,84.970262,-0.609812,0.166807,4.629738
14.530000,RETURN,89.200000,84.626755,-0.599533,0.165643,4.573245
14.540000,RETURN,88.800000,84.288890,-0.589685,0.164473,4.511110
14.550000,RETURN,88.400000,83.956423,-0.580265,0.163298,4.443577
14.560000,RETURN,88.000000,83.629110,-0.571268,0.162119,4.370890
14.570000,RETURN,87.600000,83.306712,-0.562690,0.160937,4.293288
14.580000,RETURN,87.200000,82.988993,-0.554525,0.159752,4.211007
14.590000,RETURN,86.800000,82.675719,-0.546766,0.158564,4.124281
14.600000,RETURN,86.400000,82.366661,-0.539407,0.157374,4.033339
14.610000,RETURN,86.000000,82.061595,-0.532441,0.156182,3.938405
14.620000,RETURN,85.600000,81.760300,-0.525860,0.154988,3.839700
14.630000,RETURN,85.200000,81.462559,-0.519656,0.153792,3.737441
14.640000,RETURN,84.800000,81.168160,-0.513823,0.152596,3.631840
14.650000,RETURN,84.400000,80.876896,-0.508352,0.151397,3.523104
14.660000,RETURN,84.000000,80.588564,-0.503234,0.150198,3.411436
14.670000,RETURN,83.600000,80.302967,-0.498461,0.148998,3.297033
14.680000,RETURN,83.200000,80.019912,-0.494025,0.147796,3.180088
14.690000,RETURN,82.800000,79.739210,-0.489917,0.146593,3.060790
14.700000,RETURN,82.400000,79.460679,-0.486128,0.145390,2.939321
14.710000,RETURN,82.000000,79.184141,-0.482651,0.144185,2.815859
14.720000,RETURN,81.600000,78.909421,-0.479476,0.142979,2.690579
14.730000,RETURN,81.200000,78.636353,-0.476595,0.141773,2.563647
14.740000,RETURN,80.800000,78.364771,-0.473999,0.140565,2.435229
14.750000,RETURN,80.400000,78.094519,-0.471679,0.139356,2.305481
14.760000,RETURN,80.000000,77.825442,-0.469628,0.138146,2.174558
14.770000,RETURN,79.600000,77.557391,-0.467837,0.136935,2.042609
14.780000,RETURN,79.200000,77.290223,-0.466296,0.135722,1.909777
14.790000,RETURN,78.800000,77.023798,-0.464999,0.134508,1.776202
14.800000,RETURN,78.400000,76.757982,-0.463937,0.133293,1.642018
14.810000,RETURN,78.000000,76.492644,-0.463102,0.132077,1.507356
14.820000,RETURN,77.600000,76.227659,-0.462486,0.130859,1.372341
14.830000,RETURN,77.200000,75.962906,-0.462080,0.129639,1.237094
14.840000,RETURN,76.800000,75.698270,-0.461878,0.128418,1.101730
14.850000,RETURN,76.400000,75.433636,-0.461872,0.127196,0.966364
14.860000,RETURN,76.000000,75.168899,-0.462053,0.125972,0.831101
14.870000,RETURN,75.600000,74.903955,-0.462416,0.124746,0.696045
14.880000,RETURN,75.200000,74.638703,-0.462952,0.123518,0.561297
14.890000,RETURN,74.800000,74.373049,-0.463654,0.122288,0.426951
14.900000,RETURN,74.400000,74.106901,-0.464516,0.121057,0.293099
14.910000,RETURN,74.000000,73.840172,-0.465530,0.119823,0.159828
14.920000,RETURN,73.600000,73.572779,-0.466689,0.118588,0.027221
14.930000,RETURN,73.200000,73.304641,-0.467989,0.117351,-0.104641
14.940000,RETURN,72.800000,73.035683,-0.469420,0.116112,-0.235683
14.950000,RETURN,72.400000,72.765832,-0.470979,0.114870,-0.365832
14.960000,RETURN,72.000000,72.495019,-0.472657,0.113627,-0.495019
14.970000,RETURN,71.600000,72.223179,-0.474450,0.112381,-0.623179
14.980000,RETURN,71.200000,71.950250,-0.476351,0.111133,-0.750250
14.990000,RETURN,70.800000,71.676173,-0.478355,0.109883,-0.876173
15.000000,RETURN,70.400000,71.400892,-0.480456,0.108631,-1.000892
15.010000,RETURN,70.000000,71.124354,-0.482649,0.107376,-1.124354
15.020000,RETURN,69.600000,70.846511,-0.484928,0.106119,-1.246511
15.030000,RETURN,69.200000,70.567316,-0.487288,0.104860,-1.367316
15.040000,RETURN,68.800000,70.286725,-0.489724,0.103599,-1.486725
15.050000,RETURN,68.400000,70.004697,-0.492231,0.102335,-1.604697
15.060000,RETURN,68.000000,69.721196,-0.494804,0.101069,-1.721196
15.070000,RETURN,67.600000,69.436184,-0.497439,0.099801,-1.836184
15.080000,RETURN,67.200000,69.149630,-0.500131,0.098530,-1.949630
15.090000,RETURN,66.800000,68.861504,-0.502876,0.097257,-2.061504
15.100000,RETURN,66.400000,68.571777,-0.505669,0.095982,-2.171777
15.110000,RETURN,66.000000,68.280424,-0.508507,0.094704,-2.280424
15.120000,RETURN,65.600000,67.987422,-0.511385,0.093424,-2.387422
15.130000,RETURN,65.200000,67.692750,-0.514299,0.092141,-2.492750
15.140000,RETURN,64.800000,67.396390,-0.517246,0.090856,-2.596390
15.150000,RETURN,64.400000,67.098324,-0.520223,0.089569,-2.698324
15.160000,RETURN,64.000000,66.798539,-0.523224,0.088279,-2.798539
15.170000,RETURN,63.600000,66.497021,-0.526248,0.086987,-2.897021
15.180000,RETURN,63.200000,66.193759,-0.529291,0.085693,-2.993759
15.190000,RETURN,62.800000,65.888746,-0.532349,0.084396,-3.088746
15.200000,RETURN,62.400000,65.581972,-0.535420,0.083097,-3.181972
15.210000,RETURN,62.000000,65.273434,-0.538501,0.081796,-3.273434
15.220000,RETURN,61.600000,64.963127,-0.541589,0.080492,-3.363127
15.230000,RETURN,61.200000,64.651048,-0.544680,0.079187,-3.451048
15.240000,RETURN,60.800000,64.337197,-0.547773,0.077879,-3.537197
15.250000,RETURN,60.400000,64.021575,-0.550865,0.076568,-3.621575
15.260000,RETURN,60.000000,63.704183,-0.553953,0.075256,-3.704183
15.270000,RETURN,59.600000,63.385025,-0.557036,0.073941,-3.785025
15.280000,RETURN,59.200000,63.064105,-0.560110,0.072624,-3.864105
15.290000,RETURN,58.800000,62.741430,-0.563174,0.071305,-3.941430
15.300000,RETURN,58.400000,62.417006,-0.566226,0.069984,-4.017006
15.310000,RETURN,58.000000,62.090842,-0.569264,0.068661,-4.090842
15.320000,RETURN,57.600000,61.762947,-0.572285,0.067335,-4.162947
15.330000,RETURN,57.200000,61.433331,-0.575289,0.066008,-4.233331
15.340000,RETURN,56.800000,61.102005,-0.578273,0.064679,-4.302005
15.350000,RETURN,56.400000,60.768982,-0.581235,0.063347,-4.368982
15.360000,RETURN,56.000000,60.434274,-0.584175,0.062014,-4.434274
15.370000,RETURN,55.600000,60.097896,-0.587091,0.060678,-4.497896
15.380000,RETURN,55.200000,59.759862,-0.589981,0.059341,-4.559862
15.390000,RETURN,54.800000,59.420187,-0.592844,0.058002,-4.620187
15.400000,RETURN,54.400000,59.078888,-0.595679,0.056661,-4.678888
15.410000,RETURN,54.000000,58.735982,-0.598484,0.055318,-4.735982
15.420000,RETURN,53.600000,58.391486,-0.601259,0.053973,-4.791486
15.430000,RETURN,53.200000,58.045418,-0.604003,0.052627,-4.845418
15.440000,RETURN,52.800000,57.697796,-0.606714,0.051279,-4.897796
15.450000,RETURN,52.400000,57.348640,-0.609392,0.049929,-4.948640
15.460000,RETURN,52.000000,56.997969,-0.612036,0.048577,-4.997969
15.470000,RETURN,51.600000,56.645803,-0.614645,0.047224,-5.045803
15.480000,RETURN,51.200000,56.292163,-0.617218,0.045869,-5.092163
15.490000,RETURN,50.800000,55.937069,-0.619755,0.044513,-5.137069
15.500000,RETURN,50.400000,55.580543,-0.622255,0.043155,-5.180543
15.510000,RETURN,50.000000,55.222606,-0.624718,0.041795,-5.222606
15.520000,RETURN,49.600000,54.863280,-0.627142,0.040434,-5.263280
15.530000,RETURN,49.200000,54.502587,-0.629529,0.039071,-5.302587
15.540000,RETURN,48.800000,54.140549,-0.631876,0.037707,-5.340549
15.550000,RETURN,48.400000,53.777188,-0.634184,0.036342,-5.377188
15.560000,RETURN,48.000000,53.412527,-0.636453,0.034975,-5.412527
15.570000,RETURN,47.600000,53.046590,-0.638682,0.033607,-5.446590
15.580000,RETURN,47.200000,52.679398,-0.640871,0.032238,-5.479398
15.590000,RETURN,46.800000,52.310975,-0.643020,0.030867,-5.510975
15.600000,RETURN,46.400000,51.941343,-0.645128,0.029495,-5.541343
15.610000,RETURN,46.000000,51.570527,-0.647196,0.028122,-5.570527
15.620000,RETURN,45.600000,51.198549,-0.649224,0.026747,-5.598549
15.630000,RETURN,45.200000,50.825433,-0.651211,0.025372,-5.625433
15.640000,RETURN,44.800000,50.451201,-0.653158,0.023995,-5.651201
15.650000,RETURN,44.400000,50.075877,-0.655064,0.022617,-5.675877
15.660000,RETURN,44.000000,49.699484,-0.656929,0.021238,-5.699484
15.670000,RETURN,43.600000,49.322046,-0.658755,0.019858,-5.722046
15.680000,RETURN,43.200000,48.943584,-0.660540,0.018477,-5.743584
15.690000,RETURN,42.800000,48.564123,-0.662285,0.017095,-5.764123
15.700000,RETURN,42.400000,48.183684,-0.663991,0.015713,-5.783684
15.710000,RETURN,42.000000,47.802291,-0.665656,0.014329,-5.802291
15.720000,RETURN,41.600000,47.419967,-0.667282,0.012944,-5.819967
15.730000,RETURN,41.200000,47.036733,-0.668869,0.011558,-5.836733
15.740000,RETURN,40.800000,46.652612,-0.670417,0.010172,-5.852612
15.750000,RETURN,40.400000,46.267626,-0.671927,0.008784,-5.867626
15.760000,RETURN,40.000000,45.881798,-0.673398,0.007396,-5.881798
15.770000,RETURN,39.600000,45.495148,-0.674831,0.006007,-5.895148
15.780000,RETURN,39.200000,45.107699,-0.676226,0.004617,-5.907699
15.790000,RETURN,38.800000,44.719472,-0.677584,0.003227,-5.919472
15.800000,RETURN,38.400000,44.330487,-0.678906,0.001836,-5.930487
15.810000,RETURN,38.000000,43.940767,-0.680190,0.000444,-5.940767
15.820000,RETURN,37.600000,43.550332,-0.681439,-0.000949,-5.950332
15.830000,RETURN,37.200000,43.159201,-0.682652,-0.002342,-5.959201
15.840000,RETURN,36.800000,42.767396,-0.683829,-0.003735,-5.967396
15.850000,RETURN,36.400000,42.374936,-0.684972,-0.005130,-5.974936
15.860000,RETURN,36.000000,41.981841,-0.686080,-0.006525,-5.981841
15.870000,RETURN,35.600000,41.588130,-0.687155,-0.007920,-5.988130
15.880000,RETURN,35.200000,41.193823,-0.688196,-0.009316,-5.993823
15.890000,RETURN,34.800000,40.798938,-0.689204,-0.010713,-5.998938
15.900000,RETURN,34.400000,40.403494,-0.690179,-0.012110,-6.003494
15.910000,RETURN,34.000000,40.007510,-0.691123,-0.013507,-6.007510
15.920000,RETURN,33.600000,39.611003,-0.692035,-0.014905,-6.011003
15.930000,RETURN,33.200000,39.213991,-0.692916,-0.016304,-6.013991
15.940000,RETURN,32.800000,38.816492,-0.693767,-0.017702,-6.016492
15.950000,RETURN,32.400000,38.418523,-0.694588,-0.019102,-6.018523
15.960000,RETURN,32.000000,38.020100,-0.695379,-0.020501,-6.020100
15.970000,RETURN,31.600000,37.621240,-0.696142,-0.021901,-6.021240
15.980000,RETURN,31.200000,37.221960,-0.696876,-0.023301,-6.021960
15.990000,RETURN,30.800000,36.822275,-0.697582,-0.024702,-6.022275
16.000000,RETURN,30.400000,36.422201,-0.698261,-0.026103,-6.022201
16.010000,RETURN,30.000000,36.021753,-0.698913,-0.027504,-6.021753
16.020000,RETURN,30.000000,35.622416,-0.696976,-0.024804,-5.622416
16.030000,RETURN,30.000000,35.225492,-0.692762,-0.022421,-5.225492
16.040000,RETURN,30.000000,34.832126,-0.686553,-0.020319,-4.832126
16.050000,RETURN,30.000000,34.443316,-0.678601,-0.018468,-4.443316
16.060000,RETURN,30.000000,34.059932,-0.669131,-0.016840,-4.059932
16.070000,RETURN,30.000000,33.682729,-0.658345,-0.015410,-3.682729
16.080000,RETURN,30.000000,33.312355,-0.646424,-0.014156,-3.312355
16.090000,RETURN,30.000000,32.949369,-0.633530,-0.013058,-2.949369
16.100000,RETURN,30.000000,32.594244,-0.619810,-0.012099,-2.594244
16.110000,RETURN,30.000000,32.247380,-0.605392,-0.011263,-2.247380
16.120000,RETURN,30.000000,31.909109,-0.590394,-0.010535,-1.909109
16.130000,RETURN,30.000000,31.579705,-0.574919,-0.009904,-1.579705
16.140000,RETURN,30.000000,31.259387,-0.559061,-0.009358,-1.259387
16.150000,RETURN,30.000000,30.948326,-0.542904,-0.008886,-0.948326
16.160000,RETURN,30.000000,30.646652,-0.526521,-0.008481,-0.646652
16.170000,RETURN,30.000000,30.354455,-0.509979,-0.008133,-0.354455
16.180000,RETURN,30.000000,30.071793,-0.493339,-0.007836,-0.071793
16.190000,RETURN,30.000000,29.798692,-0.476652,-0.007584,0.201308
16.200000,RETURN,30.000000,29.535151,-0.459966,-0.007371,0.464849
16.210000,RETURN,30.000000,29.281146,-0.443322,-0.007191,0.718854
16.220000,RETURN,30.000000,29.036631,-0.426759,-0.007041,0.963369
16.230000,RETURN,30.000000,28.801541,-0.410309,-0.006916,1.198459
16.240000,RETURN,30.000000,28.575795,-0.394001,-0.006813,1.424205
16.250000,RETURN,30.000000,28.359296,-0.377862,-0.006729,1.640704
16.260000,RETURN,30.000000,28.151935,-0.361914,-0.006660,1.848065
16.270000,RETURN,30.000000,27.953590,-0.346177,-0.006605,2.046410
16.280000,RETURN,30.000000,27.764131,-0.330668,-0.006562,2.235869
16.290000,RETURN,30.000000,27.583419,-0.315403,-0.006528,2.416581
16.300000,RETURN,30.000000,27.411305,-0.300395,-0.006501,2.588695
16.310000,RETURN,30.000000,27.247636,-0.285656,-0.006481,2.752364
16.320000,RETURN,30.000000,27.092253,-0.271195,-0.006465,2.907747
16.330000,RETURN,30.000000,26.944992,-0.257020,-0.006454,3.055008
16.340000,RETURN,30.000000,26.805684,-0.243138,-0.006445,3.194316
16.350000,RETURN,30.000000,26.674158,-0.229555,-0.006438,3.325842
16.360000,RETURN,30.000000,26.550241,-0.216276,-0.006432,3.449759
16.370000,RETURN,30.000000,26.433756,-0.203304,-0.006426,3.566244
16.380000,RETURN,30.000000,26.324527,-0.190642,-0.006420,3.675473
16.390000,RETURN,30.000000,26.222373,-0.178291,-0.006414,3.777627
16.400000,RETURN,30.000000,26.127117,-0.166253,-0.006406,3.872883
16.410000,RETURN,30.000000,26.038579,-0.154529,-0.006397,3.961421
16.420000,RETURN,30.000000,25.956579,-0.143117,-0.006387,4.043421
16.430000,RETURN,30.000000,25.880938,-0.132018,-0.006374,4.119062
16.440000,RETURN,30.000000,25.811478,-0.121230,-0.006359,4.188522
16.450000,RETURN,30.000000,25.748022,-0.110753,-0.006342,4.251978
16.460000,RETURN,30.000000,25.690392,-0.100582,-0.006323,4.309608
16.470000,RETURN,30.000000,25.638415,-0.090718,-0.006301,4.361585
16.480000,RETURN,30.000000,25.591916,-0.081156,-0.006276,4.408084
16.490000,RETURN,30.000000,25.550724,-0.071894,-0.006249,4.449276
16.500000,RETURN,30.000000,25.514669,-0.062928,-0.006219,4.485331
16.510000,RETURN,30.000000,25.483583,-0.054256,-0.006186,4.516417
16.520000,RETURN,30.000000,25.457299,-0.045873,-0.006151,4.542701
16.530000,RETURN,30.000000,25.435655,-0.037776,-0.006113,4.564345
16.540000,RETURN,30.000000,25.418489,-0.029960,-0.006072,4.581511
16.550000,RETURN,30.000000,25.405642,-0.022422,-0.006029,4.594358
16.560000,RETURN,30.000000,25.396957,-0.015158,-0.005984,4.603043
16.570000,RETURN,30.000000,25.392281,-0.008162,-0.005936,4.607719
16.580000,RETURN,30.000000,25.391461,-0.001431,-0.005885,4.608539
16.590000,RETURN,30.000000,25.394349,0.005041,-0.005833,4.605651
16.600000,RETURN,30.000000,25.400799,0.011257,-0.005778,4.599201
16.610000,RETURN,30.000000,25.410667,0.017223,-0.005721,4.589333
16.620000,RETURN,30.000000,25.423813,0.022943,-0.005662,4.576187
16.630000,RETURN,30.000000,25.440097,0.028422,-0.005601,4.559903
16.640000,RETURN,30.000000,25.459386,0.033666,-0.005538,4.540614
16.650000,RETURN,30.000000,25.481547,0.038678,-0.005474,4.518453
16.660000,RETURN,30.000000,25.506450,0.043463,-0.005408,4.493550
16.670000,RETURN,30.000000,25.533967,0.048027,-0.005340,4.466033
16.680000,RETURN,30.000000,25.563976,0.052375,-0.005271,4.436024
16.690000,RETURN,30.000000,25.596355,0.056511,-0.005201,4.403645
16.700000,RETURN,30.000000,25.630984,0.060440,-0.005129,4.369016
16.710000,RETURN,30.000000,25.667749,0.064167,-0.005056,4.332251
16.720000,RETURN,30.000000,25.706537,0.067698,-0.004983,4.293463
16.730000,RETURN,30.000000,25.747238,0.071035,-0.004908,4.252762
16.740000,RETURN,30.000000,25.789743,0.074186,-0.004832,4.210257
16.750000,RETURN,30.000000,25.833949,0.077154,-0.004755,4.166051
16.760000,RETURN,30.000000,25.879753,0.079943,-0.004678,4.120247
16.770000,RETURN,30.000000,25.927056,0.082560,-0.004600,4.072944
16.780000,RETURN,30.000000,25.975762,0.085008,-0.004521,4.024238
16.790000,RETURN,30.000000,26.025777,0.087292,-0.004442,3.974223
16.800000,RETURN,30.000000,26.077009,0.089417,-0.004363,3.922991
16.810000,RETURN,30.000000,26.129369,0.091386,-0.004283,3.870631
16.820000,RETURN,30.000000,26.182773,0.093206,-0.004203,3.817227
16.830000,RETURN,30.000000,26.237134,0.094879,-0.004123,3.762866
16.840000,RETURN,30.000000,26.292374,0.096411,-0.004042,3.707626
16.850000,RETURN,30.000000,26.348412,0.097806,-0.003962,3.651588
16.860000,RETURN,30.000000,26.405174,0.099067,-0.003882,3.594826
16.870000,RETURN,30.000000,26.462584,0.100200,-0.003801,3.537416
16.880000,RETURN,30.000000,26.520572,0.101208,-0.003721,3.479428
16.890000,RETURN,30.000000,26.579068,0.102095,-0.003641,3.420932
16.900000,RETURN,30.000000,26.638006,0.102866,-0.003561,3.361994
16.910000,RETURN,30.000000,26.697321,0.103524,-0.003482,3.302679
16.920000,RETURN,30.000000,26.756951,0.104074,-0.003403,3.243049
16.930000,RETURN,30.000000,26.816836,0.104518,-0.003324,3.183164
16.940000,RETURN,30.000000,26.876917,0.104862,-0.003246,3.123083
16.950000,RETURN,30.000000,26.937139,0.105108,-0.003168,3.062861
16.960000,RETURN,30.000000,26.997449,0.105260,-0.003091,3.002551
16.970000,RETURN,30.000000,27.057794,0.105321,-0.003014,2.942206
16.980000,RETURN,30.000000,27.118124,0.105296,-0.002938,2.881876
16.990000,RETURN,30.000000,27.178392,0.105188,-0.002862,2.821608
17.000000,RETURN,30.000000,27.238553,0.105000,-0.002788,2.761447
17.010000,RETURN,30.000000,27.298561,0.104734,-0.002714,2.701439
17.020000,RETURN,30.000000,27.358375,0.104396,-0.002640,2.641625
17.030000,RETURN,30.000000,27.417956,0.103987,-0.002568,2.582044
17.040000,RETURN,30.000000,27.477263,0.103511,-0.002496,2.522737
17.050000,RETURN,30.000000,27.536261,0.102970,-0.002425,2.463739
17.060000,RETURN,30.000000,27.594914,0.102369,-0.002355,2.405086
17.070000,RETURN,30.000000,27.653188,0.101709,-0.002286,2.346812
17.080000,RETURN,30.000000,27.711053,0.100993,-0.002217,2.288947
17.090000,RETURN,30.000000,27.768478,0.100225,-0.002150,2.231522
17.100000,RETURN,30.000000,27.825434,0.099406,-0.002083,2.174566
17.110000,RETURN,30.000000,27.881893,0.098540,-0.002018,2.118107
17.120000,RETURN,30.000000,27.937831,0.097630,-0.001953,2.062169
17.130000,RETURN,30.000000,27.993222,0.096676,-0.001890,2.006778
17.140000,RETURN,30.000000,28.048044,0.095683,-0.001827,1.951956
17.150000,RETURN,30.000000,28.102276,0.094652,-0.001765,1.897724
17.160000,RETURN,30.000000,28.155896,0.093586,-0.001705,1.844104
17.170000,RETURN,30.000000,28.208887,0.092486,-0.001645,1.791113
17.180000,RETURN,30.000000,28.261230,0.091356,-0.001587,1.738770
17.190000,RETURN,30.000000,28.312909,0.090197,-0.001529,1.687091
17.200000,RETURN,30.000000,28.363909,0.089011,-0.001473,1.636091
17.210000,RETURN,30.000000,28.414215,0.087801,-0.001417,1.585785
17.220000,RETURN,30.000000,28.463815,0.086568,-0.001363,1.536185
17.230000,RETURN,30.000000,28.512696,0.085313,-0.001309,1.487304
17.240000,RETURN,30.000000,28.560847,0.084040,-0.001257,1.439153
17.250000,RETURN,30.000000,28.608259,0.082750,-0.001206,1.391741
17.260000,RETURN,30.000000,28.654923,0.081443,-0.001155,1.345077
17.270000,RETURN,30.000000,28.700830,0.080123,-0.001106,1.299170
17.280000,RETURN,30.000000,28.745974,0.078791,-0.001058,1.254026
17.290000,RETURN,30.000000,28.790349,0.077448,-0.001011,1.209651
17.300000,RETURN,30.000000,28.833948,0.076096,-0.000965,1.166052
17.310000,RETURN,30.000000,28.876768,0.074735,-0.000920,1.123232
17.320000,RETURN,30.000000,28.918806,0.073369,-0.000876,1.081194
17.330000,RETURN,30.000000,28.960057,0.071997,-0.000833,1.039943
17.340000,RETURN,30.000000,29.000520,0.070621,-0.000791,0.999480
17.350000,MOVE,30.000000,29.044132,0.076117,0.010247,0.955868
17.360000,MOVE,30.400000,29.087895,0.076381,0.002414,1.312105
17.370000,MOVE,30.800000,29.133155,0.078994,0.006344,1.666845
17.380000,MOVE,31.200000,29.181092,0.083667,0.009980,2.018908
17.390000,MOVE,31.600000,29.232738,0.090139,0.013355,2.367262
17.400000,MOVE,32.000000,29.288992,0.098180,0.016497,2.711008
17.410000,MOVE,32.400000,29.350631,0.107581,0.019432,3.049369
17.420000,MOVE,32.800000,29.418329,0.118156,0.022183,3.381671
17.430000,MOVE,33.200000,29.492663,0.129737,0.024771,3.707337
17.440000,MOVE,33.600000,29.574125,0.142177,0.027213,4.025875
17.450000,MOVE,34.000000,29.663128,0.155340,0.029527,4.336872
17.460000,MOVE,34.400000,29.760020,0.169108,0.031727,4.639980
17.470000,MOVE,34.800000,29.865085,0.183374,0.033825,4.934915
17.480000,MOVE,35.200000,29.978555,0.198042,0.035834,5.221445
17.490000,MOVE,35.600000,30.100611,0.213028,0.037765,5.499389
17.500000,MOVE,36.000000,30.231391,0.228254,0.039625,5.768609
17.510000,MOVE,36.400000,30.370994,0.243653,0.041425,6.029006
17.520000,MOVE,36.800000,30.519485,0.259165,0.043170,6.280515
17.530000,MOVE,37.200000,30.676897,0.274736,0.044868,6.523103
17.540000,MOVE,37.600000,30.843236,0.290317,0.046524,6.756764
17.550000,MOVE,38.000000,31.018485,0.305866,0.048144,6.981515
17.560000,MOVE,38.400000,31.202602,0.321345,0.049733,7.197398
17.570000,MOVE,38.800000,31.395530,0.336722,0.051294,7.404470
17.580000,MOVE,39.200000,31.597191,0.351965,0.052831,7.602809
17.590000,MOVE,39.600000,31.807494,0.367049,0.054348,7.792506
17.600000,MOVE,40.000000,32.026337,0.381952,0.055847,7.973663
17.610000,MOVE,40.400000,32.253602,0.396653,0.057331,8.146398
17.620000,MOVE,40.800000,32.489165,0.411134,0.058802,8.310835
17.630000,MOVE,41.200000,32.732890,0.425381,0.060263,8.467110
17.640000,MOVE,41.600000,32.984636,0.439380,0.061715,8.615364
17.650000,MOVE,42.000000,33.244255,0.453120,0.063159,8.755745
17.660000,MOVE,42.400000,33.511592,0.466591,0.064597,8.888408
17.670000,MOVE,42.800000,33.786488,0.479785,0.066030,9.013512
17.680000,MOVE,43.200000,34.068782,0.492696,0.067460,9.131218
17.690000,MOVE,43.600000,34.358308,0.505318,0.068886,9.241692
17.700000,MOVE,44.000000,34.654898,0.517646,0.070311,9.345102
17.710000,MOVE,44.400000,34.958381,0.529678,0.071734,9.441619
17.720000,MOVE,44.800000,35.268586,0.541410,0.073157,9.531414
17.730000,MOVE,45.200000,35.585341,0.552841,0.074579,9.614659
17.740000,MOVE,45.600000,35.908472,0.563970,0.076002,9.691528
17.750000,MOVE,46.000000,36.237807,0.574797,0.077426,9.762193
17.760000,MOVE,46.400000,36.573172,0.585322,0.078850,9.826828
17.770000,MOVE,46.800000,36.914395,0.595546,0.080275,9.885605
17.780000,MOVE,47.200000,37.261304,0.605470,0.081703,9.938696
17.790000,MOVE,47.600000,37.613728,0.615097,0.083131,9.986272
17.800000,MOVE,48.000000,37.971498,0.624427,0.084562,10.028502
17.810000,MOVE,48.400000,38.334446,0.633463,0.085994,10.065554
17.820000,MOVE,48.800000,38.702405,0.642209,0.087429,10.097595
17.830000,MOVE,49.200000,39.075210,0.650668,0.088865,10.124790
17.840000,MOVE,49.600000,39.452699,0.658842,0.090304,10.147301
17.850000,MOVE,50.000000,39.834710,0.666736,0.091745,10.165290
17.860000,MOVE,50.400000,40.221085,0.674352,0.093188,10.178915
17.870000,MOVE,50.800000,40.611668,0.681696,0.094633,10.188332
17.880000,MOVE,51.200000,41.006305,0.688771,0.096080,10.193695
17.890000,MOVE,51.600000,41.404843,0.695581,0.097529,10.195157
17.900000,MOVE,52.000000,41.807134,0.702130,0.098980,10.192866
17.910000,MOVE,52.400000,42.213031,0.708424,0.100434,10.186969
17.920000,MOVE,52.800000,42.622390,0.714466,0.101889,10.177610
17.930000,MOVE,53.200000,43.035069,0.720261,0.103346,10.164931
17.940000,MOVE,53.600000,43.450930,0.725815,0.104804,10.149070
17.950000,MOVE,54.000000,43.869837,0.731130,0.106265,10.130163
17.960000,MOVE,54.400000,44.291656,0.736213,0.107727,10.108344
17.970000,MOVE,54.800000,44.716257,0.741069,0.109190,10.083743
17.980000,MOVE,55.200000,45.143512,0.745701,0.110655,10.056488
17.990000,MOVE,55.600000,45.573296,0.750114,0.112122,10.026704
18.000000,MOVE,56.000000,46.005487,0.754315,0.113590,9.994513
18.010000,MOVE,56.400000,46.439964,0.758306,0.115059,9.960036
18.020000,MOVE,56.800000,46.876612,0.762094,0.116529,9.923388
18.030000,MOVE,57.200000,47.315317,0.765684,0.118000,9.884683
18.040000,MOVE,57.600000,47.755966,0.769079,0.119472,9.844034
18.050000,MOVE,58.000000,48.198453,0.772284,0.120945,9.801547
18.060000,MOVE,58.400000,48.642670,0.775305,0.122418,9.757330
18.070000,MOVE,58.800000,49.088515,0.778147,0.123893,9.711485
18.080000,MOVE,59.200000,49.535888,0.780813,0.125368,9.664112
18.090000,MOVE,59.600000,49.984691,0.783309,0.126843,9.615309
18.100000,MOVE,60.000000,50.434829,0.785639,0.128319,9.565171
18.110000,MOVE,60.400000,50.886209,0.787808,0.129796,9.513791
18.120000,MOVE,60.800000,51.338742,0.789820,0.131272,9.461258
18.130000,MOVE,61.200000,51.792341,0.791680,0.132750,9.407659
18.140000,MOVE,61.600000,52.246921,0.793392,0.134227,9.353079
18.150000,MOVE,62.000000,52.702400,0.794961,0.135704,9.297600
18.160000,MOVE,62.400000,53.158699,0.796391,0.137181,9.241301
18.170000,MOVE,62.800000,53.615739,0.797686,0.138659,9.184261
18.180000,MOVE,63.200000,54.073447,0.798851,0.140136,9.126553
18.190000,MOVE,63.600000,54.531750,0.799889,0.141613,9.068250
18.200000,MOVE,64.000000,54.990577,0.800805,0.143090,9.009423
18.210000,MOVE,64.400000,55.449862,0.801604,0.144567,8.950138
18.220000,MOVE,64.800000,55.909539,0.802288,0.146043,8.890461
18.230000,MOVE,65.200000,56.369545,0.802861,0.147519,8.830455
18.240000,MOVE,65.600000,56.829818,0.803329,0.148995,8.770182
18.250000,MOVE,66.000000,57.290301,0.803694,0.150470,8.709699
18.260000,MOVE,66.400000,57.750936,0.803960,0.151945,8.649064
18.270000,MOVE,66.800000,58.211669,0.804130,0.153419,8.588331
18.280000,MOVE,67.200000,58.672447,0.804210,0.154893,8.527553
18.290000,MOVE,67.600000,59.133220,0.804201,0.156366,8.466780
18.300000,MOVE,68.000000,59.593940,0.804107,0.157839,8.406060
18.310000,MOVE,68.400000,60.054559,0.803933,0.159310,8.345441
18.320000,MOVE,68.800000,60.515034,0.803680,0.160781,8.284966
18.330000,MOVE,69.200000,60.975321,0.803353,0.162252,8.224679
18.340000,MOVE,69.600000,61.435381,0.802955,0.163721,8.164619
18.350000,MOVE,70.000000,61.895172,0.802488,0.165190,8.104828
18.360000,MOVE,70.400000,62.354659,0.801955,0.166658,8.045341
18.370000,MOVE,70.800000,62.813805,0.801361,0.168125,7.986195
18.380000,MOVE,71.200000,63.272576,0.800707,0.169591,7.927424
18.390000,MOVE,71.600000,63.730941,0.799997,0.171056,7.869059
18.400000,MOVE,72.000000,64.188868,0.799233,0.172521,7.811132
18.410000,MOVE,72.400000,64.646328,0.798418,0.173984,7.753672
18.420000,MOVE,72.800000,65.103293,0.797555,0.175447,7.696707
18.430000,MOVE,73.200000,65.559738,0.796646,0.176908,7.640262
18.440000,MOVE,73.600000,66.015637,0.795694,0.178369,7.584363
18.450000,MOVE,74.000000,66.470967,0.794701,0.179828,7.529033
18.460000,MOVE,74.400000,66.925706,0.793670,0.181287,7.474294
18.470000,MOVE,74.800000,67.379834,0.792602,0.182744,7.420166
18.480000,MOVE,75.200000,67.833331,0.791501,0.184201,7.366669
18.490000,MOVE,75.600000,68.286179,0.790369,0.185656,7.313821
18.500000,MOVE,76.000000,68.738361,0.789207,0.187111,7.261639
18.510000,MOVE,76.400000,69.189862,0.788018,0.188564,7.210138
18.520000,MOVE,76.800000,69.640667,0.786803,0.190016,7.159333
18.530000,MOVE,77.200000,70.090763,0.785565,0.191468,7.109237
18.540000,MOVE,77.600000,70.540137,0.784306,0.192918,7.059863
18.550000,MOVE,78.000000,70.988778,0.783027,0.194367,7.011222
18.560000,MOVE,78.400000,71.436677,0.781730,0.195815,6.963323
18.570000,MOVE,78.800000,71.883823,0.780418,0.197262,6.916177
18.580000,MOVE,79.200000,72.330209,0.779091,0.198708,6.869791
18.590000,MOVE,79.600000,72.775828,0.777751,0.200153,6.824172
18.600000,MOVE,80.000000,73.220672,0.776400,0.201597,6.779328
18.610000,MOVE,80.400000,73.664737,0.775040,0.203040,6.735263
18.620000,MOVE,80.800000,74.108018,0.773671,0.204482,6.691982
18.630000,MOVE,81.200000,74.550511,0.772296,0.205922,6.649489
18.640000,MOVE,81.600000,74.992213,0.770915,0.207362,6.607787
18.650000,MOVE,82.000000,75.433121,0.769530,0.208801,6.566879
18.660000,MOVE,82.400000,75.873235,0.768143,0.210238,6.526765
18.670000,MOVE,82.800000,76.312552,0.766753,0.211675,6.487448
18.680000,MOVE,83.200000,76.751073,0.765364,0.213111,6.448927
18.690000,MOVE,83.600000,77.188799,0.763975,0.214545,6.411201
18.700000,MOVE,84.000000,77.625729,0.762588,0.215979,6.374271
18.710000,MOVE,84.400000,78.061867,0.761204,0.217412,6.338133
18.720000,MOVE,84.800000,78.497214,0.759824,0.218843,6.302786
18.730000,MOVE,85.200000,78.931773,0.758448,0.220274,6.268227
18.740000,MOVE,85.600000,79.365547,0.757079,0.221704,6.234453
18.750000,MOVE,86.000000,79.798540,0.755716,0.223133,6.201460
18.760000,MOVE,86.400000,80.230756,0.754360,0.224561,6.169244
18.770000,MOVE,86.800000,80.662201,0.753012,0.225988,6.137799
18.780000,MOVE,87.200000,81.092878,0.751674,0.227414,6.107122
18.790000,MOVE,87.600000,81.522794,0.750345,0.228839,6.077206
18.800000,MOVE,88.000000,81.951955,0.749027,0.230263,6.048045
18.810000,MOVE,88.400000,82.380367,0.747719,0.231687,6.019633
18.820000,MOVE,88.800000,82.808036,0.746424,0.233109,5.991964
18.830000,MOVE,89.200000,83.234970,0.745140,0.234531,5.965030
18.840000,MOVE,89.600000,83.661176,0.743870,0.235952,5.938824
18.850000,MOVE,90.000000,84.086661,0.742612,0.237372,5.913339
18.860000,MOVE,90.400000,84.511434,0.741369,0.238791,5.888566
18.870000,MOVE,90.800000,84.935503,0.740139,0.240210,5.864497
18.880000,MOVE,91.200000,85.358876,0.738925,0.241627,5.841124
18.890000,MOVE,91.600000,85.781561,0.737725,0.243044,5.818439
18.900000,MOVE,92.000000,86.203567,0.736541,0.244460,5.796433
18.910000,MOVE,92.400000,86.624905,0.735372,0.245876,5.775095
18.920000,MOVE,92.800000,87.045582,0.734220,0.247290,5.754418
18.930000,MOVE,93.200000,87.465608,0.733084,0.248704,5.734392
18.940000,MOVE,93.600000,87.884993,0.731964,0.250118,5.715007
18.950000,MOVE,94.000000,88.303746,0.730862,0.251530,5.696254
18.960000,MOVE,94.400000,88.721877,0.729777,0.252942,5.678123
18.970000,MOVE,94.800000,89.139396,0.728709,0.254353,5.660604
18.980000,MOVE,95.200000,89.556313,0.727658,0.255764,5.643687
18.990000,MOVE,95.600000,89.972639,0.726625,0.257174,5.627361
19.000000,MOVE,96.000000,90.388383,0.725610,0.258583,5.611617
19.010000,MOVE,96.400000,90.803555,0.724613,0.259992,5.596445
19.020000,MOVE,96.800000,91.218166,0.723633,0.261400,5.581834
19.030000,MOVE,97.200000,91.632227,0.722672,0.262808,5.567773
19.040000,MOVE,97.600000,92.045747,0.721729,0.264215,5.554253
19.050000,MOVE,98.000000,92.458737,0.720804,0.265622,5.541263
19.060000,MOVE,98.400000,92.871208,0.719897,0.267027,5.528792
19.070000,MOVE,98.800000,93.283170,0.719009,0.268433,5.516830
19.080000,MOVE,99.200000,93.694632,0.718138,0.269838,5.505368
19.090000,MOVE,99.600000,94.105607,0.717286,0.271242,5.494393
19.100000,MOVE,100.000000,94.516104,0.716452,0.272646,5.483896
19.110000,MOVE,100.400000,94.926133,0.715636,0.274050,5.473867
19.120000,MOVE,100.800000,95.335705,0.714838,0.275453,5.464295
19.130000,MOVE,101.200000,95.744830,0.714058,0.276855,5.455170
19.140000,MOVE,101.600000,96.153518,0.713296,0.278258,5.446482
19.150000,MOVE,102.000000,96.561781,0.712552,0.279659,5.438219
19.160000,MOVE,102.400000,96.969626,0.711825,0.281061,5.430374
19.170000,MOVE,102.800000,97.377066,0.711116,0.282461,5.422934
19.180000,MOVE,103.200000,97.784109,0.710425,0.283862,5.415891
19.190000,MOVE,103.600000,98.190767,0.709751,0.285262,5.409233
19.200000,MOVE,104.000000,98.597047,0.709094,0.286662,5.402953
19.210000,MOVE,104.400000,99.002961,0.708454,0.288061,5.397039
19.220000,MOVE,104.800000,99.408519,0.707831,0.289461,5.391481
19.230000,MOVE,105.200000,99.813728,0.707224,0.290859,5.386272
19.240000,MOVE,105.600000,100.218600,0.706635,0.292258,5.381400
19.250000,MOVE,106.000000,100.623143,0.706061,0.293656,5.376857
19.260000,MOVE,106.400000,101.027367,0.705504,0.295054,5.372633
19.270000,MOVE,106.800000,101.431281,0.704963,0.296452,5.368719
19.280000,MOVE,107.200000,101.834894,0.704437,0.297849,5.365106
19.290000,MOVE,107.600000,102.238215,0.703927,0.299246,5.361785
19.300000,MOVE,108.000000,102.641252,0.703433,0.300643,5.358748
19.310000,MOVE,108.400000,103.044015,0.702954,0.302039,5.355985
19.320000,MOVE,108.800000,103.446512,0.702490,0.303436,5.353488
19.330000,MOVE,109.200000,103.848751,0.702040,0.304832,5.351249
19.340000,MOVE,109.600000,104.250741,0.701605,0.306228,5.349259
19.350000,MOVE,110.000000,104.652491,0.701184,0.307623,5.347509
19.360000,MOVE,110.000000,105.052538,0.698215,0.304918,4.947462
19.370000,MOVE,110.000000,105.449603,0.693008,0.302528,4.550397
19.380000,MOVE,110.000000,105.842563,0.685846,0.300419,4.157437
19.390000,MOVE,110.000000,106.230443,0.676977,0.298561,3.769557
19.400000,MOVE,110.000000,106.612393,0.666629,0.296925,3.387607
19.410000,MOVE,110.000000,106.987680,0.655000,0.295487,3.012320
19.420000,MOVE,110.000000,107.355676,0.642273,0.294224,2.644324
19.430000,MOVE,110.000000,107.715842,0.628609,0.293118,2.284158
19.440000,MOVE,110.000000,108.067724,0.614151,0.292150,1.932276
19.450000,MOVE,110.000000,108.410943,0.599030,0.291304,1.589057
19.460000,MOVE,110.000000,108.745184,0.583360,0.290567,1.254816
19.470000,MOVE,110.000000,109.070193,0.567247,0.289926,0.929807
19.480000,MOVE,110.000000,109.385767,0.550782,0.289370,0.614233
19.490000,MOVE,110.000000,109.691754,0.534047,0.288888,0.308246
19.500000,MOVE,110.000000,109.988040,0.517117,0.288472,0.011960
19.510000,MOVE,110.000000,110.274552,0.500058,0.288114,-0.274552
19.520000,MOVE,110.000000,110.551249,0.482927,0.287806,-0.551249
19.530000,MOVE,110.000000,110.818120,0.465778,0.287543,-0.818120
19.540000,MOVE,110.000000,111.075181,0.448656,0.287319,-1.075181
19.550000,MOVE,110.000000,111.322472,0.431604,0.287128,-1.322472
19.560000,MOVE,110.000000,111.560053,0.414657,0.286966,-1.560053
19.570000,MOVE,110.000000,111.788003,0.397848,0.286830,-1.788003
19.580000,MOVE,110.000000,112.006418,0.381206,0.286715,-2.006418
19.590000,MOVE,110.000000,112.215407,0.364755,0.286620,-2.215407
19.600000,MOVE,110.000000,112.415093,0.348518,0.286540,-2.415093
19.610000,MOVE,110.000000,112.605610,0.332514,0.286473,-2.605610
19.620000,MOVE,110.000000,112.787100,0.316760,0.286418,-2.787100
19.630000,MOVE,110.000000,112.959716,0.301271,0.286372,-2.959716
19.640000,MOVE,110.000000,113.123616,0.286059,0.286334,-3.123616
19.650000,MOVE,110.000000,113.278965,0.271135,0.286302,-3.278965
19.660000,MOVE,110.000000,113.425933,0.256508,0.286275,-3.425933
19.670000,MOVE,110.000000,113.564695,0.242186,0.286251,-3.564695
19.680000,MOVE,110.000000,113.695429,0.228174,0.286230,-3.695429
19.690000,MOVE,110.000000,113.818316,0.214479,0.286212,-3.818316
19.700000,MOVE,110.000000,113.933540,0.201103,0.286194,-3.933540
19.710000,MOVE,110.000000,114.041286,0.188051,0.286177,-4.041286
19.720000,MOVE,110.000000,114.141739,0.175324,0.286159,-4.141739
19.730000,MOVE,110.000000,114.235087,0.162923,0.286142,-4.235087
19.740000,MOVE,110.000000,114.321517,0.150849,0.286123,-4.321517
19.750000,MOVE,110.000000,114.401217,0.139103,0.286102,-4.401217
19.760000,MOVE,110.000000,114.474374,0.127682,0.286081,-4.474374
19.770000,MOVE,110.000000,114.541173,0.116587,0.286057,-4.541173
19.780000,MOVE,110.000000,114.601801,0.105816,0.286031,-4.601801
19.790000,MOVE,110.000000,114.656442,0.095366,0.286003,-4.656442
19.800000,MOVE,110.000000,114.705278,0.085235,0.285973,-4.705278
19.810000,MOVE,110.000000,114.748490,0.075420,0.285940,-4.748490
19.820000,MOVE,110.000000,114.786259,0.065918,0.285905,-4.786259
19.830000,MOVE,110.000000,114.818760,0.056726,0.285867,-4.818760
19.840000,MOVE,110.000000,114.846170,0.047840,0.285826,-4.846170
19.850000,MOVE,110.000000,114.868662,0.039256,0.285783,-4.868662
19.860000,MOVE,110.000000,114.886407,0.030970,0.285738,-4.886407
19.870000,MOVE,110.000000,114.899572,0.022978,0.285690,-4.899572
19.880000,MOVE,110.000000,114.908324,0.015275,0.285640,-4.908324
19.890000,MOVE,110.000000,114.912826,0.007857,0.285587,-4.912826
19.900000,MOVE,110.000000,114.913239,0.000720,0.285532,-4.913239
19.910000,MOVE,110.000000,114.909719,-0.006142,0.285474,-4.909719
19.920000,MOVE,110.000000,114.902424,-0.012734,0.285414,-4.902424
19.930000,MOVE,110.000000,114.891503,-0.019059,0.285353,-4.891503
19.940000,MOVE,110.000000,114.877108,-0.025125,0.285289,-4.877108
19.950000,MOVE,110.000000,114.859384,-0.030934,0.285223,-4.859384
19.960000,MOVE,110.000000,114.838475,-0.036493,0.285155,-4.838475
19.970000,MOVE,110.000000,114.814522,-0.041807,0.285086,-4.814522
19.980000,MOVE,110.000000,114.787662,-0.046880,0.285015,-4.787662
19.990000,MOVE,110.000000,114.758029,-0.051718,0.284942,-4.758029
20.000000,MOVE,110.000000,114.725757,-0.056326,0.284868,-4.725757
20.010000,MOVE,110.000000,114.690973,-0.060709,0.284792,-4.690973
20.020000,MOVE,110.000000,114.653803,-0.064873,0.284716,-4.653803
20.030000,MOVE,110.000000,114.614371,-0.068822,0.284638,-4.614371
20.040000,MOVE,110.000000,114.572796,-0.072562,0.284558,-4.572796
20.050000,MOVE,110.000000,114.529195,-0.076098,0.284478,-4.529195
20.060000,MOVE,110.000000,114.483682,-0.079435,0.284397,-4.483682
20.070000,MOVE,110.000000,114.436369,-0.082577,0.284315,-4.436369
20.080000,MOVE,110.000000,114.387363,-0.085531,0.284232,-4.387363
20.090000,MOVE,110.000000,114.336771,-0.088300,0.284149,-4.336771
20.100000,MOVE,110.000000,114.284694,-0.090891,0.284065,-4.284694
20.110000,MOVE,110.000000,114.231233,-0.093307,0.283981,-4.231233
20.120000,MOVE,110.000000,114.176485,-0.095554,0.283896,-4.176485
20.130000,MOVE,110.000000,114.120543,-0.097636,0.283811,-4.120543
20.140000,MOVE,110.000000,114.063500,-0.099559,0.283725,-4.063500
20.150000,MOVE,110.000000,114.005444,-0.101327,0.283640,-4.005444
20.160000,MOVE,110.000000,113.946461,-0.102944,0.283554,-3.946461
20.170000,MOVE,110.000000,113.886636,-0.104415,0.283468,-3.886636
20.180000,MOVE,110.000000,113.826048,-0.105746,0.283382,-3.826048
20.190000,MOVE,110.000000,113.764777,-0.106939,0.283297,-3.764777
20.200000,MOVE,110.000000,113.702897,-0.108000,0.283211,-3.702897
20.210000,MOVE,110.000000,113.640484,-0.108932,0.283126,-3.640484
20.220000,MOVE,110.000000,113.577607,-0.109741,0.283041,-3.577607
20.230000,MOVE,110.000000,113.514335,-0.110431,0.282956,-3.514335
20.240000,MOVE,110.000000,113.450734,-0.111004,0.282872,-3.450734
20.250000,MOVE,110.000000,113.386868,-0.111467,0.282788,-3.386868
20.260000,MOVE,110.000000,113.322799,-0.111822,0.282704,-3.322799
20.270000,MOVE,110.000000,113.258585,-0.112073,0.282621,-3.258585
20.280000,MOVE,110.000000,113.194285,-0.112225,0.282539,-3.194285
20.290000,MOVE,110.000000,113.129953,-0.112281,0.282457,-3.129953
20.300000,MOVE,110.000000,113.065641,-0.112245,0.282376,-3.065641
20.310000,MOVE,110.000000,113.001400,-0.112121,0.282296,-3.001400
20.320000,MOVE,110.000000,112.937280,-0.111911,0.282216,-2.937280
20.330000,MOVE,110.000000,112.873327,-0.111620,0.282137,-2.873327
20.340000,MOVE,110.000000,112.809584,-0.111251,0.282059,-2.809584
20.350000,MOVE,110.000000,112.746096,-0.110808,0.281982,-2.746096
20.360000,MOVE,110.000000,112.682903,-0.110293,0.281906,-2.682903
20.370000,MOVE,110.000000,112.620044,-0.109710,0.281830,-2.620044
20.380000,MOVE,110.000000,112.557556,-0.109062,0.281755,-2.557556
20.390000,MOVE,110.000000,112.495475,-0.108352,0.281682,-2.495475
20.400000,MOVE,110.000000,112.433834,-0.107583,0.281609,-2.433834
20.410000,MOVE,110.000000,112.372666,-0.106758,0.281537,-2.372666
20.420000,MOVE,110.000000,112.312001,-0.105881,0.281466,-2.312001
20.430000,MOVE,110.000000,112.251868,-0.104952,0.281397,-2.251868
20.440000,MOVE,110.000000,112.192294,-0.103976,0.281328,-2.192294
20.450000,MOVE,110.000000,112.133304,-0.102956,0.281260,-2.133304
20.460000,MOVE,110.000000,112.074924,-0.101892,0.281193,-2.074924
20.470000,MOVE,110.000000,112.017176,-0.100789,0.281128,-2.017176
20.480000,MOVE,110.000000,111.960082,-0.099649,0.281063,-1.960082
20.490000,MOVE,110.000000,111.903660,-0.098473,0.281000,-1.903660
20.500000,MOVE,110.000000,111.847932,-0.097265,0.280938,-1.847932
20.510000,MOVE,110.000000,111.792912,-0.096027,0.280876,-1.792912
20.520000,MOVE,110.000000,111.738619,-0.094760,0.280816,-1.738619
20.530000,MOVE,110.000000,111.685067,-0.093467,0.280757,-1.685067
20.540000,MOVE,110.000000,111.632269,-0.092150,0.280699,-1.632269
20.550000,MOVE,110.000000,111.580238,-0.090810,0.280643,-1.580238
20.560000,MOVE,110.000000,111.528987,-0.089451,0.280587,-1.528987
20.570000,MOVE,110.000000,111.478524,-0.088073,0.280532,-1.478524
20.580000,MOVE,110.000000,111.428861,-0.086679,0.280479,-1.428861
20.590000,MOVE,110.000000,111.380004,-0.085271,0.280427,-1.380004
20.600000,MOVE,110.000000,111.331962,-0.083849,0.280375,-1.331962
20.610000,MOVE,110.000000,111.284741,-0.082416,0.280325,-1.284741
20.620000,MOVE,110.000000,111.238347,-0.080974,0.280276,-1.238347
20.630000,MOVE,110.000000,111.192783,-0.079523,0.280229,-1.192783
20.640000,MOVE,110.000000,111.148055,-0.078065,0.280182,-1.148055
20.650000,MOVE,110.000000,111.104166,-0.076602,0.280136,-1.104166
20.660000,MOVE,110.000000,111.061116,-0.075136,0.280091,-1.061116
20.670000,MOVE,110.000000,111.018908,-0.073666,0.280048,-1.018908
20.680000,MOVE,110.000000,110.977543,-0.072196,0.280006,-0.977543
20.690000,HOLD,110.000000,110.937021,-0.070725,0.279964,-0.937021
20.700000,HOLD,110.000000,110.897340,-0.069256,0.279924,-0.897340
20.710000,HOLD,110.000000,110.858500,-0.067788,0.279885,-0.858500
20.720000,HOLD,110.000000,110.820499,-0.066325,0.279846,-0.820499
20.730000,HOLD,110.000000,110.783334,-0.064865,0.279809,-0.783334
20.740000,HOLD,110.000000,110.747003,-0.063411,0.279773,-0.747003
20.750000,HOLD,110.000000,110.711500,-0.061963,0.279738,-0.711500
20.760000,HOLD,110.000000,110.676823,-0.060523,0.279704,-0.676823
20.770000,HOLD,110.000000,110.642967,-0.059090,0.279670,-0.642967
20.780000,HOLD,110.000000,110.609926,-0.057667,0.279638,-0.609926
20.790000,HOLD,110.000000,110.577696,-0.056253,0.279607,-0.577696
20.800000,HOLD,110.000000,110.546269,-0.054850,0.279577,-0.546269
20.810000,HOLD,110.000000,110.515640,-0.053458,0.279547,-0.515640
20.820000,HOLD,110.000000,110.485802,-0.052078,0.279519,-0.485802
20.830000,HOLD,110.000000,110.456747,-0.050710,0.279491,-0.456747
20.840000,HOLD,110.000000,110.428468,-0.049356,0.279464,-0.428468
20.850000,HOLD,110.000000,110.400958,-0.048015,0.279439,-0.400958
20.860000,HOLD,110.000000,110.374207,-0.046688,0.279414,-0.374207
20.870000,HOLD,110.000000,110.348209,-0.045376,0.279390,-0.348209
20.880000,HOLD,110.000000,110.322953,-0.044080,0.279366,-0.322953
20.890000,HOLD,110.000000,110.298431,-0.042799,0.279344,-0.298431
20.900000,HOLD,110.000000,110.274634,-0.041534,0.279322,-0.274634
20.910000,HOLD,110.000000,110.251552,-0.040285,0.279302,-0.251552
20.920000,HOLD,110.000000,110.229176,-0.039054,0.279282,-0.229176
20.930000,HOLD,110.000000,110.207496,-0.037839,0.279262,-0.207496
20.940000,HOLD,110.000000,110.186502,-0.036642,0.279244,-0.186502
20.950000,HOLD,110.000000,110.166183,-0.035462,0.279226,-0.166183
20.960000,HOLD,110.000000,110.146531,-0.034301,0.279209,-0.146531
20.970000,HOLD,110.000000,110.127533,-0.033157,0.279192,-0.127533
20.980000,HOLD,110.000000,110.109180,-0.032032,0.279177,-0.109180
20.990000,HOLD,110.000000,110.091461,-0.030926,0.279162,-0.091461
21.000000,HOLD,110.000000,110.074365,-0.029838,0.279147,-0.074365
21.010000,HOLD,110.000000,110.057881,-0.028769,0.279134,-0.057881
21.020000,HOLD,110.000000,110.041999,-0.027719,0.279121,-0.041999
21.030000,HOLD,110.000000,110.026708,-0.026688,0.279108,-0.026708
21.040000,HOLD,110.000000,110.011996,-0.025677,0.279096,-0.011996
21.050000,HOLD,110.000000,109.997853,-0.024684,0.279085,0.002147
21.060000,HOLD,110.000000,109.984268,-0.023711,0.279075,0.015732
21.070000,HOLD,110.000000,109.971229,-0.022757,0.279064,0.028771
21.080000,HOLD,110.000000,109.958726,-0.021822,0.279055,0.041274
21.090000,HOLD,110.000000,109.946748,-0.020906,0.279046,0.053252
21.100000,HOLD,110.000000,109.935283,-0.020010,0.279037,0.064717
21.110000,HOLD,110.000000,109.924321,-0.019133,0.279029,0.075679
21.120000,HOLD,110.000000,109.913850,-0.018275,0.279022,0.086150
21.130000,HOLD,110.000000,109.903860,-0.017436,0.279015,0.096140
21.140000,HOLD,110.000000,109.894339,-0.016616,0.279008,0.105661
21.150000,HOLD,110.000000,109.885278,-0.015815,0.279002,0.114722
21.160000,HOLD,110.000000,109.876665,-0.015033,0.278997,0.123335
21.170000,HOLD,110.000000,109.868489,-0.014270,0.278991,0.131511
21.180000,HOLD,110.000000,109.860740,-0.013525,0.278987,0.139260
21.190000,HOLD,110.000000,109.853407,-0.012798,0.278982,0.146593
21.200000,HOLD,110.000000,109.846480,-0.012090,0.278978,0.153520
21.210000,HOLD,110.000000,109.839948,-0.011400,0.278974,0.160052
21.220000,HOLD,110.000000,109.833801,-0.010728,0.278971,0.166199
21.230000,HOLD,110.000000,109.828029,-0.010074,0.278968,0.171971
21.240000,HOLD,110.000000,109.822622,-0.009437,0.278966,0.177378
21.250000,HOLD,110.000000,109.817570,-0.008818,0.278963,0.182430
21.260000,HOLD,110.000000,109.812862,-0.008216,0.278961,0.187138
21.270000,HOLD,110.000000,109.808489,-0.007632,0.278960,0.191511
21.280000,HOLD,110.000000,109.804442,-0.007064,0.278959,0.195558
21.290000,HOLD,110.000000,109.800711,-0.006513,0.278957,0.199289
21.300000,HOLD,110.000000,109.797286,-0.005978,0.278957,0.202714
21.310000,HOLD,110.000000,109.794158,-0.005459,0.278956,0.205842
21.320000,HOLD,110.000000,109.791318,-0.004957,0.278956,0.208682
21.330000,HOLD,110.000000,109.788757,-0.004470,0.278956,0.211243
21.340000,HOLD,110.000000,109.786465,-0.003999,0.278956,0.213535
21.350000,HOLD,110.000000,109.784435,-0.003543,0.278957,0.215565
21.360000,HOLD,110.000000,109.782658,-0.003102,0.278957,0.217342
21.370000,HOLD,110.000000,109.781125,-0.002676,0.278958,0.218875
21.380000,HOLD,110.000000,109.779827,-0.002265,0.278959,0.220173
21.390000,HOLD,110.000000,109.778757,-0.001868,0.278961,0.221243
21.400000,HOLD,110.000000,109.777906,-0.001485,0.278962,0.222094
21.410000,HOLD,110.000000,109.777267,-0.001116,0.278964,0.222733
21.420000,HOLD,110.000000,109.776831,-0.000760,0.278966,0.223169
21.430000,HOLD,110.000000,109.776591,-0.000418,0.278968,0.223409
21.440000,HOLD,110.000000,109.776540,-0.000089,0.278970,0.223460
21.450000,HOLD,110.000000,109.776670,0.000227,0.278972,0.223330
21.460000,HOLD,110.000000,109.776974,0.000530,0.278975,0.223026
21.470000,HOLD,110.000000,109.777444,0.000821,0.278977,0.222556
21.480000,HOLD,110.000000,109.778075,0.001100,0.278980,0.221925
21.490000,HOLD,110.000000,109.778858,0.001367,0.278982,0.221142
21.500000,HOLD,110.000000,109.779788,0.001623,0.278985,0.220212
21.510000,HOLD,110.000000,109.780858,0.001867,0.278988,0.219142
21.520000,HOLD,110.000000,109.782061,0.002100,0.278991,0.217939
21.530000,HOLD,110.000000,109.783392,0.002323,0.278995,0.216608
21.540000,HOLD,110.000000,109.784844,0.002534,0.278998,0.215156
21.550000,HOLD,110.000000,109.786412,0.002736,0.279001,0.213588
21.560000,HOLD,110.000000,109.788089,0.002927,0.279005,0.211911
21.570000,HOLD,110.000000,109.789870,0.003108,0.279008,0.210130
21.580000,HOLD,110.000000,109.791749,0.003280,0.279012,0.208251
21.590000,HOLD,110.000000,109.793721,0.003442,0.279015,0.206279
21.600000,HOLD,110.000000,109.795781,0.003596,0.279019,0.204219
21.610000,HOLD,110.000000,109.797924,0.003740,0.279022,0.202076
21.620000,HOLD,110.000000,109.800145,0.003876,0.279026,0.199855
21.630000,HOLD,110.000000,109.802438,0.004003,0.279030,0.197562
21.640000,HOLD,110.000000,109.804800,0.004122,0.279034,0.195200
21.650000,HOLD,110.000000,109.807225,0.004233,0.279037,0.192775
21.660000,HOLD,110.000000,109.809709,0.004336,0.279041,0.190291
21.670000,HOLD,110.000000,109.812249,0.004432,0.279045,0.187751
21.680000,HOLD,110.000000,109.814839,0.004520,0.279049,0.185161
21.690000,HOLD,110.000000,109.817475,0.004602,0.279053,0.182525
21.700000,HOLD,110.000000,109.820154,0.004676,0.279057,0.179846
21.710000,HOLD,110.000000,109.822872,0.004744,0.279061,0.177128
21.720000,HOLD,110.000000,109.825625,0.004805,0.279064,0.174375
21.730000,HOLD,110.000000,109.828410,0.004860,0.279068,0.171590
21.740000,HOLD,110.000000,109.831222,0.004909,0.279072,0.168778
21.750000,HOLD,110.000000,109.834060,0.004952,0.279076,0.165940
21.760000,HOLD,110.000000,109.836919,0.004990,0.279080,0.163081
21.770000,HOLD,110.000000,109.839796,0.005022,0.279084,0.160204
21.780000,HOLD,110.000000,109.842688,0.005048,0.279088,0.157312
21.790000,HOLD,110.000000,109.845593,0.005070,0.279091,0.154407
21.800000,HOLD,110.000000,109.848507,0.005087,0.279095,0.151493
21.810000,HOLD,110.000000,109.851429,0.005098,0.279099,0.148571
21.820000,HOLD,110.000000,109.854354,0.005106,0.279103,0.145646
21.830000,HOLD,110.000000,109.857281,0.005109,0.279106,0.142719
21.840000,HOLD,110.000000,109.860208,0.005108,0.279110,0.139792
21.850000,HOLD,110.000000,109.863131,0.005102,0.279114,0.136869
21.860000,HOLD,110.000000,109.866049,0.005093,0.279117,0.133951
21.870000,HOLD,110.000000,109.868960,0.005080,0.279121,0.131040
21.880000,HOLD,110.000000,109.871862,0.005064,0.279125,0.128138
21.890000,HOLD,110.000000,109.874752,0.005044,0.279128,0.125248
21.900000,HOLD,110.000000,109.877629,0.005021,0.279132,0.122371
21.910000,HOLD,110.000000,109.880491,0.004995,0.279135,0.119509
21.920000,HOLD,110.000000,109.883336,0.004966,0.279138,0.116664
21.930000,HOLD,110.000000,109.886163,0.004934,0.279142,0.113837
21.940000,HOLD,110.000000,109.888970,0.004899,0.279145,0.111030
21.950000,HOLD,110.000000,109.891755,0.004862,0.279148,0.108245
21.960000,HOLD,110.000000,109.894518,0.004822,0.279152,0.105482
21.970000,HOLD,110.000000,109.897257,0.004780,0.279155,0.102743
21.980000,HOLD,110.000000,109.899970,0.004736,0.279158,0.100030
21.990000,HOLD,110.000000,109.902657,0.004690,0.279161,0.097343
22.000000,HOLD,110.000000,109.905317,0.004641,0.279164,0.094683
22.010000,HOLD,110.000000,109.907947,0.004591,0.279167,0.092053
22.020000,HOLD,110.000000,109.910548,0.004540,0.279170,0.089452
22.030000,HOLD,110.000000,109.913119,0.004486,0.279173,0.086881
22.040000,HOLD,110.000000,109.915658,0.004432,0.279176,0.084342
22.050000,HOLD,110.000000,109.918165,0.004375,0.279178,0.081835
22.060000,HOLD,110.000000,109.920639,0.004318,0.279181,0.079361
22.070000,HOLD,110.000000,109.923079,0.004259,0.279184,0.076921
22.080000,HOLD,110.000000,109.925485,0.004199,0.279187,0.074515
22.090000,HOLD,110.000000,109.927856,0.004138,0.279189,0.072144
22.100000,HOLD,110.000000,109.930192,0.004077,0.279192,0.069808
22.110000,HOLD,110.000000,109.932492,0.004014,0.279194,0.067508
22.120000,HOLD,110.000000,109.934755,0.003951,0.279197,0.065245
22.130000,HOLD,110.000000,109.936982,0.003887,0.279199,0.063018
22.140000,HOLD,110.000000,109.939172,0.003822,0.279201,0.060828
22.150000,HOLD,110.000000,109.941325,0.003757,0.279204,0.058675
22.160000,HOLD,110.000000,109.943440,0.003691,0.279206,0.056560
22.170000,HOLD,110.000000,109.945517,0.003625,0.279208,0.054483
22.180000,HOLD,110.000000,109.947556,0.003559,0.279210,0.052444
22.190000,HOLD,110.000000,109.949557,0.003492,0.279212,0.050443
22.200000,HOLD,110.000000,109.951520,0.003426,0.279214,0.048480
22.210000,HOLD,110.000000,109.953444,0.003359,0.279216,0.046556
22.220000,HOLD,110.000000,109.955330,0.003292,0.279218,0.044670
22.230000,HOLD,110.000000,109.957178,0.003225,0.279220,0.042822
22.240000,HOLD,110.000000,109.958988,0.003158,0.279222,0.041012
22.250000,HOLD,110.000000,109.960759,0.003091,0.279224,0.039241
22.260000,HOLD,110.000000,109.962492,0.003025,0.279225,0.037508
22.270000,HOLD,110.000000,109.964187,0.002958,0.279227,0.035813
22.280000,HOLD,110.000000,109.965844,0.002892,0.279229,0.034156
22.290000,HOLD,110.000000,109.967463,0.002826,0.279230,0.032537
22.300000,HOLD,110.000000,109.969045,0.002761,0.279232,0.030955
22.310000,HOLD,110.000000,109.970589,0.002695,0.279233,0.029411
22.320000,HOLD,110.000000,109.972096,0.002631,0.279235,0.027904
22.330000,HOLD,110.000000,109.973567,0.002566,0.279236,0.026433
22.340000,HOLD,110.000000,109.975001,0.002502,0.279238,0.024999
22.350000,HOLD,110.000000,109.976398,0.002439,0.279239,0.023602
22.360000,HOLD,110.000000,109.977759,0.002376,0.279240,0.022241
22.370000,HOLD,110.000000,109.979085,0.002314,0.279242,0.020915
22.380000,HOLD,110.000000,109.980375,0.002252,0.279243,0.019625
22.390000,HOLD,110.000000,109.981631,0.002191,0.279244,0.018369
22.400000,HOLD,110.000000,109.982851,0.002131,0.279245,0.017149
22.410000,HOLD,110.000000,109.984038,0.002071,0.279246,0.015962
22.420000,HOLD,110.000000,109.985190,0.002012,0.279247,0.014810
22.430000,HOLD,110.000000,109.986310,0.001953,0.279248,0.013690
22.440000,HOLD,110.000000,109.987396,0.001896,0.279249,0.012604
22.450000,HOLD,110.000000,109.988449,0.001839,0.279250,0.011551
22.460000,HOLD,110.000000,109.989471,0.001783,0.279251,0.010529
22.470000,HOLD,110.000000,109.990460,0.001727,0.279252,0.009540
22.480000,HOLD,110.000000,109.991419,0.001673,0.279253,0.008581
22.490000,HOLD,110.000000,109.992347,0.001619,0.279254,0.007653
22.500000,HOLD,110.000000,109.993244,0.001566,0.279255,0.006756
22.510000,HOLD,110.000000,109.994111,0.001514,0.279255,0.005889
22.520000,HOLD,110.000000,109.994949,0.001463,0.279256,0.005051
22.530000,HOLD,110.000000,109.995759,0.001412,0.279257,0.004241
22.540000,HOLD,110.000000,109.996539,0.001363,0.279257,0.003461
22.550000,HOLD,110.000000,109.997292,0.001314,0.279258,0.002708
22.560000,HOLD,110.000000,109.998018,0.001266,0.279259,0.001982
22.570000,HOLD,110.000000,109.998716,0.001219,0.279259,0.001284
22.580000,HOLD,110.000000,109.999388,0.001173,0.279260,0.000612
22.590000,HOLD,110.000000,110.000034,0.001128,0.279260,-0.000034
22.600000,HOLD,110.000000,110.000655,0.001083,0.279261,-0.000655
22.610000,HOLD,110.000000,110.001251,0.001040,0.279261,-0.001251
22.620000,HOLD,110.000000,110.001822,0.000997,0.279262,-0.001822
22.630000,HOLD,110.000000,110.002370,0.000955,0.279262,-0.002370
22.640000,HOLD,110.000000,110.002894,0.000915,0.279262,-0.002894
22.650000,HOLD,110.000000,110.003395,0.000875,0.279263,-0.003395
22.660000,HOLD,110.000000,110.003873,0.000835,0.279263,-0.003873
22.670000,HOLD,110.000000,110.004330,0.000797,0.279263,-0.004330
22.680000,HOLD,110.000000,110.004766,0.000760,0.279264,-0.004766
22.690000,RETURN,110.000000,109.905158,-0.173847,-0.000049,0.094842
22.700000,RETURN,109.600000,109.718494,-0.325791,0.023643,-0.118494
22.710000,RETURN,109.200000,109.456385,-0.457467,0.044783,-0.256385
22.720000,RETURN,108.800000,109.129171,-0.571096,0.063526,-0.329171
22.730000,RETURN,108.400000,108.746054,-0.668666,0.080124,-0.346054
22.740000,RETURN,108.000000,108.315215,-0.751955,0.094806,-0.315215
22.750000,RETURN,107.600000,107.843926,-0.822556,0.107774,-0.243926
22.760000,RETURN,107.200000,107.338639,-0.881892,0.119209,-0.138639
22.770000,RETURN,106.800000,106.805078,-0.931239,0.129276,-0.005078
22.780000,RETURN,106.400000,106.248315,-0.971736,0.138118,0.151685
22.790000,RETURN,106.000000,105.672834,-1.004404,0.145867,0.327166
22.800000,RETURN,105.600000,105.082599,-1.030154,0.152639,0.517401
22.810000,RETURN,105.200000,104.481106,-1.049804,0.158538,0.718894
22.820000,RETURN,104.800000,103.871432,-1.064082,0.163657,0.928568
22.830000,RETURN,104.400000,103.256281,-1.073640,0.168080,1.143719
22.840000,RETURN,104.000000,102.638024,-1.079063,0.171882,1.361976
22.850000,RETURN,103.600000,102.018731,-1.080869,0.175129,1.581269
22.860000,RETURN,103.200000,101.400209,-1.079526,0.177882,1.799791
22.870000,RETURN,102.800000,100.784023,-1.075447,0.180192,2.015977
22.880000,RETURN,102.400000,100.171528,-1.069005,0.182109,2.228472
22.890000,RETURN,102.000000,99.563889,-1.060530,0.183675,2.436111
22.900000,RETURN,101.600000,98.962102,-1.050317,0.184927,2.637898
22.910000,RETURN,101.200000,98.367011,-1.038629,0.185901,2.832989
22.920000,RETURN,100.800000,97.779328,-1.025701,0.186626,3.020672
22.930000,RETURN,100.400000,97.199642,-1.011742,0.187130,3.200358
22.940000,RETURN,100.000000,96.628440,-0.996937,0.187438,3.371560
22.950000,RETURN,99.600000,96.066110,-0.981450,0.187570,3.533890
22.960000,RETURN,99.200000,95.512960,-0.965429,0.187546,3.687040
22.970000,RETURN,98.800000,94.969221,-0.949003,0.187384,3.830779
22.980000,RETURN,98.400000,94.435059,-0.932288,0.187100,3.964941
22.990000,RETURN,98.000000,93.910582,-0.915385,0.186706,4.089418
23.000000,RETURN,97.600000,93.395847,-0.898384,0.186215,4.204153
23.010000,RETURN,97.200000,92.890863,-0.881363,0.185639,4.309137
23.020000,RETURN,96.800000,92.395601,-0.864394,0.184986,4.404399
23.030000,RETURN,96.400000,91.909999,-0.847536,0.184267,4.490001
23.040000,RETURN,96.000000,91.433961,-0.830843,0.183488,4.566039
23.050000,RETURN,95.600000,90.967366,-0.814362,0.182656,4.632634
23.060000,RETURN,95.200000,90.510069,-0.798133,0.181778,4.689931
23.070000,RETURN,94.800000,90.061908,-0.782190,0.180859,4.738092
23.080000,RETURN,94.400000,89.622699,-0.766564,0.179904,4.777301
23.090000,RETURN,94.000000,89.192247,-0.751280,0.178917,4.807753
23.100000,RETURN,93.600000,88.770343,-0.736361,0.177902,4.829657
23.110000,RETURN,93.200000,88.356769,-0.721822,0.176863,4.843231
23.120000,RETURN,92.800000,87.951298,-0.707681,0.175802,4.848702
23.130000,RETURN,92.400000,87.553695,-0.693948,0.174723,4.846305
23.140000,RETURN,92.000000,87.163721,-0.680633,0.173627,4.836279
23.150000,RETURN,91.600000,86.781132,-0.667745,0.172517,4.818868
23.160000,RETURN,91.200000,86.405680,-0.655287,0.171394,4.794320
23.170000,RETURN,90.800000,86.037117,-0.643263,0.170260,4.762883
23.180000,RETURN,90.400000,85.675194,-0.631676,0.169117,4.724806
23.190000,RETURN,90.000000,85.319658,-0.620526,0.167966,4.680342
23.200000,RETURN,89.600000,84.970262,-0.609812,0.166807,4.629738
23.210000,RETURN,89.200000,84.626755,-0.599533,0.165643,4.573245
23.220000,RETURN,88.800000,84.288890,-0.589685,0.164473,4.511110
23.230000,RETURN,88.400000,83.956423,-0.580265,0.163298,4.443577
23.240000,RETURN,88.000000,83.629110,-0.571268,0.162119,4.370890
23.250000,RETURN,87.600000,83.306712,-0.562690,0.160937,4.293288
23.260000,RETURN,87.200000,82.988993,-0.554525,0.159752,4.211007
23.270000,RETURN,86.800000,82.675719,-0.546766,0.158564,4.124281
23.280000,RETURN,86.400000,82.366661,-0.539407,0.157374,4.033339
23.290000,RETURN,86.000000,82.061595,-0.532441,0.156182,3.938405
23.300000,RETURN,85.600000,81.760300,-0.525860,0.154988,3.839700
23.310000,RETURN,85.200000,81.462559,-0.519656,0.153792,3.737441
23.320000,RETURN,84.800000,81.168160,-0.513823,0.152596,3.631840
23.330000,RETURN,84.400000,80.876896,-0.508352,0.151397,3.523104
23.340000,RETURN,84.000000,80.588564,-0.503234,0.150198,3.411436
23.350000,RETURN,83.600000,80.302967,-0.498461,0.148998,3.297033
23.360000,RETURN,83.200000,80.019912,-0.494025,0.147796,3.180088
23.370000,RETURN,82.800000,79.739210,-0.489917,0.146593,3.060790
23.380000,RETURN,82.400000,79.460679,-0.486128,0.145390,2.939321
23.390000,RETURN,82.000000,79.184141,-0.482651,0.144185,2.815859
23.400000,RETURN,81.600000,78.909421,-0.479476,0.142979,2.690579
23.410000,RETURN,81.200000,78.636353,-0.476595,0.141773,2.563647
23.420000,RETURN,80.800000,78.364771,-0.473999,0.140565,2.435229
23.430000,RETURN,80.400000,78.094519,-0.471679,0.139356,2.305481
23.440000,RETURN,80.000000,77.825442,-0.469628,0.138146,2.174558
23.450000,RETURN,79.600000,77.557391,-0.467837,0.136935,2.042609
23.460000,RETURN,79.200000,77.290223,-0.466296,0.135722,1.909777
23.470000,RETURN,78.800000,77.023798,-0.464999,0.134508,1.776202
23.480000,RETURN,78.400000,76.757982,-0.463937,0.133293,1.642018
23.490000,RETURN,78.000000,76.492644,-0.463102,0.132077,1.507356
23.500000,RETURN,77.600000,76.227659,-0.462486,0.130859,1.372341
23.510000,RETURN,77.200000,75.962906,-0.462080,0.129639,1.237094
23.520000,RETURN,76.800000,75.698270,-0.461878,0.128418,1.101730
23.530000,RETURN,76.400000,75.433636,-0.461872,0.127196,0.966364
23.540000,RETURN,76.000000,75.168899,-0.462053,0.125972,0.831101
23.550000,RETURN,75.600000,74.903955,-0.462416,0.124746,0.696045
23.560000,RETURN,75.200000,74.638703,-0.462952,0.123518,0.561297
23.570000,RETURN,74.800000,74.373049,-0.463654,0.122288,0.426951
23.580000,RETURN,74.400000,74.106901,-0.464516,0.121057,0.293099
23.590000,RETURN,74.000000,73.840172,-0.465530,0.119823,0.159828
23.600000,RETURN,73.600000,73.572779,-0.466689,0.118588,0.027221
23.610000,RETURN,73.200000,73.304641,-0.467989,0.117351,-0.104641
23.620000,RETURN,72.800000,73.035683,-0.469420,0.116112,-0.235683
23.630000,RETURN,72.400000,72.765832,-0.470979,0.114870,-0.365832
23.640000,RETURN,72.000000,72.495019,-0.472657,0.113627,-0.495019
23.650000,RETURN,71.600000,72.223179,-0.474450,0.112381,-0.623179
23.660000,RETURN,71.200000,71.950250,-0.476351,0.111133,-0.750250
23.670000,RETURN,70.800000,71.676173,-0.478355,0.109883,-0.876173
23.680000,RETURN,70.400000,71.400892,-0.480456,0.108631,-1.000892
23.690000,RETURN,70.000000,71.124354,-0.482649,0.107376,-1.124354
23.700000,RETURN,69.600000,70.846511,-0.484928,0.106119,-1.246511
23.710000,RETURN,69.200000,70.567316,-0.487288,0.104860,-1.367316
23.720000,RETURN,68.800000,70.286725,-0.489724,0.103599,-1.486725
23.730000,RETURN,68.400000,70.004697,-0.492231,0.102335,-1.604697
23.740000,RETURN,68.000000,69.721196,-0.494804,0.101069,-1.721196
23.750000,RETURN,67.600000,69.436184,-0.497439,0.099801,-1.836184
23.760000,RETURN,67.200000,69.149630,-0.500131,0.098530,-1.949630
23.770000,RETURN,66.800000,68.861504,-0.502876,0.097257,-2.061504
23.780000,RETURN,66.400000,68.571777,-0.505669,0.095982,-2.171777
23.790000,RETURN,66.000000,68.280424,-0.508507,0.094704,-2.280424
23.800000,RETURN,65.600000,67.987422,-0.511385,0.093424,-2.387422
23.810000,RETURN,65.200000,67.692750,-0.514299,0.092141,-2.492750
23.820000,RETURN,64.800000,67.396390,-0.517246,0.090856,-2.596390
23.830000,RETURN,64.400000,67.098324,-0.520223,0.089569,-2.698324
23.840000,RETURN,64.000000,66.798539,-0.523224,0.088279,-2.798539
23.850000,RETURN,63.600000,66.497021,-0.526248,0.086987,-2.897021
23.860000,RETURN,63.200000,66.193759,-0.529291,0.085693,-2.993759
23.870000,RETURN,62.800000,65.888746,-0.532349,0.084396,-3.088746
23.880000,RETURN,62.400000,65.581972,-0.535420,0.083097,-3.181972
23.890000,RETURN,62.000000,65.273434,-0.538501,0.081796,-3.273434
23.900000,RETURN,61.600000,64.963127,-0.541589,0.080492,-3.363127
23.910000,RETURN,61.200000,64.651048,-0.544680,0.079187,-3.451048
23.920000,RETURN,60.800000,64.337197,-0.547773,0.077879,-3.537197
23.930000,RETURN,60.400000,64.021575,-0.550865,0.076568,-3.621575
23.940000,RETURN,60.000000,63.704183,-0.553953,0.075256,-3.704183
23.950000,RETURN,59.600000,63.385025,-0.557036,0.073941,-3.785025
23.960000,RETURN,59.200000,63.064105,-0.560110,0.072624,-3.864105
23.970000,RETURN,58.800000,62.741430,-0.563174,0.071305,-3.941430
23.980000,RETURN,58.400000,62.417006,-0.566226,0.069984,-4.017006
23.990000,RETURN,58.000000,62.090842,-0.569264,0.068661,-4.090842
24.000000,RETURN,57.600000,61.762947,-0.572285,0.067335,-4.162947
24.010000,RETURN,57.200000,61.433331,-0.575289,0.066008,-4.233331
24.020000,RETURN,56.800000,61.102005,-0.578273,0.064679,-4.302005
24.030000,RETURN,56.400000,60.768982,-0.581235,0.063347,-4.368982
24.040000,RETURN,56.000000,60.434274,-0.584175,0.062014,-4.434274
24.050000,RETURN,55.600000,60.097896,-0.587091,0.060678,-4.497896
24.060000,RETURN,55.200000,59.759862,-0.589981,0.059341,-4.559862
24.070000,RETURN,54.800000,59.420187,-0.592844,0.058002,-4.620187
24.080000,RETURN,54.400000,59.078888,-0.595679,0.056661,-4.678888
24.090000,RETURN,54.000000,58.735982,-0.598484,0.055318,-4.735982
24.100000,RETURN,53.600000,58.391486,-0.601259,0.053973,-4.791486
24.110000,RETURN,53.200000,58.045418,-0.604003,0.052627,-4.845418
24.120000,RETURN,52.800000,57.697796,-0.606714,0.051279,-4.897796
24.130000,RETURN,52.400000,57.348640,-0.609392,0.049929,-4.948640
24.140000,RETURN,52.000000,56.997969,-0.612036,0.048577,-4.997969
24.150000,RETURN,51.600000,56.645803,-0.614645,0.047224,-5.045803
24.160000,RETURN,51.200000,56.292163,-0.617218,0.045869,-5.092163
24.170000,RETURN,50.800000,55.937069,-0.619755,0.044513,-5.137069
24.180000,RETURN,50.400000,55.580543,-0.622255,0.043155,-5.180543
24.190000,RETURN,50.000000,55.222606,-0.624718,0.041795,-5.222606
24.200000,RETURN,49.600000,54.863280,-0.627142,0.040434,-5.263280
24.210000,RETURN,49.200000,54.502587,-0.629529,0.039071,-5.302587
24.220000,RETURN,48.800000,54.140549,-0.631876,0.037707,-5.340549
24.230000,RETURN,48.400000,53.777188,-0.634184,0.036342,-5.377188
24.240000,RETURN,48.000000,53.412527,-0.636453,0.034975,-5.412527
24.250000,RETURN,47.600000,53.046590,-0.638682,0.033607,-5.446590
24.260000,RETURN,47.200000,52.679398,-0.640871,0.032238,-5.479398
24.270000,RETURN,46.800000,52.310975,-0.643020,0.030867,-5.510975
24.280000,RETURN,46.400000,51.941343,-0.645128,0.029495,-5.541343
24.290000,RETURN,46.000000,51.570527,-0.647196,0.028122,-5.570527
24.300000,RETURN,45.600000,51.198549,-0.649224,0.026747,-5.598549
24.310000,RETURN,45.200000,50.825433,-0.651211,0.025372,-5.625433
24.320000,RETURN,44.800000,50.451201,-0.653158,0.023995,-5.651201
24.330000,RETURN,44.400000,50.075877,-0.655064,0.022617,-5.675877
24.340000,RETURN,44.000000,49.699484,-0.656929,0.021238,-5.699484
24.350000,RETURN,43.600000,49.322046,-0.658755,0.019858,-5.722046
24.360000,RETURN,43.200000,48.943584,-0.660540,0.018477,-5.743584
24.370000,RETURN,42.800000,48.564123,-0.662285,0.017095,-5.764123
24.380000,RETURN,42.400000,48.183684,-0.663991,0.015713,-5.783684
24.390000,RETURN,42.000000,47.802291,-0.665656,0.014329,-5.802291
24.400000,RETURN,41.600000,47.419967,-0.667282,0.012944,-5.819967
24.410000,RETURN,41.200000,47.036733,-0.668869,0.011558,-5.836733
24.420000,RETURN,40.800000,46.652612,-0.670417,0.010172,-5.852612
24.430000,RETURN,40.400000,46.267626,-0.671927,0.008784,-5.867626
24.440000,RETURN,40.000000,45.881798,-0.673398,0.007396,-5.881798
24.450000,RETURN,39.600000,45.495148,-0.674831,0.006007,-5.895148
24.460000,RETURN,39.200000,45.107699,-0.676226,0.004617,-5.907699
24.470000,RETURN,38.800000,44.719472,-0.677584,0.003227,-5.919472
24.480000,RETURN,38.400000,44.330487,-0.678906,0.001836,-5.930487
24.490000,RETURN,38.000000,43.940767,-0.680190,0.000444,-5.940767
24.500000,RETURN,37.600000,43.550332,-0.681439,-0.000949,-5.950332
24.510000,RETURN,37.200000,43.159201,-0.682652,-0.002342,-5.959201
24.520000,RETURN,36.800000,42.767396,-0.683829,-0.003735,-5.967396
24.530000,RETURN,36.400000,42.374936,-0.684972,-0.005130,-5.974936
24.540000,RETURN,36.000000,41.981841,-0.686080,-0.006525,-5.981841
24.550000,RETURN,35.600000,41.588130,-0.687155,-0.007920,-5.988130
24.560000,RETURN,35.200000,41.193823,-0.688196,-0.009316,-5.993823
24.570000,RETURN,34.800000,40.798938,-0.689204,-0.010713,-5.998938
24.580000,RETURN,34.400000,40.403494,-0.690179,-0.012110,-6.003494
24.590000,RETURN,34.000000,40.007510,-0.691123,-0.013507,-6.007510
24.600000,RETURN,33.600000,39.611003,-0.692035,-0.014905,-6.011003
24.610000,RETURN,33.200000,39.213991,-0.692916,-0.016304,-6.013991
24.620000,RETURN,32.800000,38.816492,-0.693767,-0.017702,-6.016492
24.630000,RETURN,32.400000,38.418523,-0.694588,-0.019102,-6.018523
24.640000,RETURN,32.000000,38.020100,-0.695379,-0.020501,-6.020100
24.650000,RETURN,31.600000,37.621240,-0.696142,-0.021901,-6.021240
24.660000,RETURN,31.200000,37.221960,-0.696876,-0.023301,-6.021960
24.670000,RETURN,30.800000,36.822275,-0.697582,-0.024702,-6.022275
24.680000,RETURN,30.400000,36.422201,-0.698261,-0.026103,-6.022201
24.690000,RETURN,30.000000,36.021753,-0.698913,-0.027504,-6.021753
24.700000,RETURN,30.000000,35.622416,-0.696976,-0.024804,-5.622416
24.710000,RETURN,30.000000,35.225492,-0.692762,-0.022421,-5.225492
24.720000,RETURN,30.000000,34.832126,-0.686553,-0.020319,-4.832126
24.730000,RETURN,30.000000,34.443316,-0.678601,-0.018468,-4.443316
24.740000,RETURN,30.000000,34.059932,-0.669131,-0.016840,-4.059932
24.750000,RETURN,30.000000,33.682729,-0.658345,-0.015410,-3.682729
24.760000,RETURN,30.000000,33.312355,-0.646424,-0.014156,-3.312355
24.770000,RETURN,30.000000,32.949369,-0.633530,-0.013058,-2.949369
24.780000,RETURN,30.000000,32.594244,-0.619810,-0.012099,-2.594244
24.790000,RETURN,30.000000,32.247380,-0.605392,-0.011263,-2.247380
24.800000,RETURN,30.000000,31.909109,-0.590394,-0.010535,-1.909109
24.810000,RETURN,30.000000,31.579705,-0.574919,-0.009904,-1.579705
24.820000,RETURN,30.000000,31.259387,-0.559061,-0.009358,-1.259387
24.830000,RETURN,30.000000,30.948326,-0.542904,-0.008886,-0.948326
24.840000,RETURN,30.000000,30.646652,-0.526521,-0.008481,-0.646652
24.850000,RETURN,30.000000,30.354455,-0.509979,-0.008133,-0.354455
24.860000,RETURN,30.000000,30.071793,-0.493339,-0.007836,-0.071793
24.870000,RETURN,30.000000,29.798692,-0.476652,-0.007584,0.201308
24.880000,RETURN,30.000000,29.535151,-0.459966,-0.007371,0.464849
24.890000,RETURN,30.000000,29.281146,-0.443322,-0.007191,0.718854
24.900000,RETURN,30.000000,29.036631,-0.426759,-0.007041,0.963369
24.910000,RETURN,30.000000,28.801541,-0.410309,-0.006916,1.198459
24.920000,RETURN,30.000000,28.575795,-0.394001,-0.006813,1.424205
24.930000,RETURN,30.000000,28.359296,-0.377862,-0.006729,1.640704
24.940000,RETURN,30.000000,28.151935,-0.361914,-0.006660,1.848065
24.950000,RETURN,30.000000,27.953590,-0.346177,-0.006605,2.046410
24.960000,RETURN,30.000000,27.764131,-0.330668,-0.006562,2.235869
24.970000,RETURN,30.000000,27.583419,-0.315403,-0.006528,2.416581
24.980000,RETURN,30.000000,27.411305,-0.300395,-0.006501,2.588695
24.990000,RETURN,30.000000,27.247636,-0.285656,-0.006481,2.752364
25.000000,RETURN,30.000000,27.092253,-0.271195,-0.006465,2.907747
25.010000,RETURN,30.000000,26.944992,-0.257020,-0.006454,3.055008
25.020000,RETURN,30.000000,26.805684,-0.243138,-0.006445,3.194316
25.030000,RETURN,30.000000,26.674158,-0.229555,-0.006438,3.325842
25.040000,RETURN,30.000000,26.550241,-0.216276,-0.006432,3.449759
25.050000,RETURN,30.000000,26.433756,-0.203304,-0.006426,3.566244
25.060000,RETURN,30.000000,26.324527,-0.190642,-0.006420,3.675473
25.070000,RETURN,30.000000,26.222373,-0.178291,-0.006414,3.777627
25.080000,RETURN,30.000000,26.127117,-0.166253,-0.006406,3.872883
25.090000,RETURN,30.000000,26.038579,-0.154529,-0.006397,3.961421
25.100000,RETURN,30.000000,25.956579,-0.143117,-0.006387,4.043421
25.110000,RETURN,30.000000,25.880938,-0.132018,-0.006374,4.119062
25.120000,RETURN,30.000000,25.811478,-0.121230,-0.006359,4.188522
25.130000,RETURN,30.000000,25.748022,-0.110753,-0.006342,4.251978
25.140000,RETURN,30.000000,25.690392,-0.100582,-0.006323,4.309608
25.150000,RETURN,30.000000,25.638415,-0.090718,-0.006301,4.361585
25.160000,RETURN,30.000000,25.591916,-0.081156,-0.006276,4.408084
25.170000,RETURN,30.000000,25.550724,-0.071894,-0.006249,4.449276
25.180000,RETURN,30.000000,25.514669,-0.062928,-0.006219,4.485331
25.190000,RETURN,30.000000,25.483583,-0.054256,-0.006186,4.516417
25.200000,RETURN,30.000000,25.457299,-0.045873,-0.006151,4.542701
25.210000,RETURN,30.000000,25.435655,-0.037776,-0.006113,4.564345
25.220000,RETURN,30.000000,25.418489,-0.029960,-0.006072,4.581511
25.230000,RETURN,30.000000,25.405642,-0.022422,-0.006029,4.594358
25.240000,RETURN,30.000000,25.396957,-0.015158,-0.005984,4.603043
25.250000,RETURN,30.000000,25.392281,-0.008162,-0.005936,4.607719
25.260000,RETURN,30.000000,25.391461,-0.001431,-0.005885,4.608539
25.270000,RETURN,30.000000,25.394349,0.005041,-0.005833,4.605651
25.280000,RETURN,30.000000,25.400799,0.011257,-0.005778,4.599201
25.290000,RETURN,30.000000,25.410667,0.017223,-0.005721,4.589333
25.300000,RETURN,30.000000,25.423813,0.022943,-0.005662,4.576187
25.310000,RETURN,30.000000,25.440097,0.028422,-0.005601,4.559903
25.320000,RETURN,30.000000,25.459386,0.033666,-0.005538,4.540614
25.330000,RETURN,30.000000,25.481547,0.038678,-0.005474,4.518453
25.340000,RETURN,30.000000,25.506450,0.043463,-0.005408,4.493550
25.350000,RETURN,30.000000,25.533967,0.048027,-0.005340,4.466033
25.360000,RETURN,30.000000,25.563976,0.052375,-0.005271,4.436024
25.370000,RETURN,30.000000,25.596355,0.056511,-0.005201,4.403645
25.380000,RETURN,30.000000,25.630984,0.060440,-0.005129,4.369016
25.390000,RETURN,30.000000,25.667749,0.064167,-0.005056,4.332251
25.400000,RETURN,30.000000,25.706537,0.067698,-0.004983,4.293463
25.410000,RETURN,30.000000,25.747238,0.071035,-0.004908,4.252762
25.420000,RETURN,30.000000,25.789743,0.074186,-0.004832,4.210257
25.430000,RETURN,30.000000,25.833949,0.077154,-0.004755,4.166051
25.440000,RETURN,30.000000,25.879753,0.079943,-0.004678,4.120247
25.450000,RETURN,30.000000,25.927056,0.082560,-0.004600,4.072944
25.460000,RETURN,30.000000,25.975762,0.085008,-0.004521,4.024238
25.470000,RETURN,30.000000,26.025777,0.087292,-0.004442,3.974223
25.480000,RETURN,30.000000,26.077009,0.089417,-0.004363,3.922991
25.490000,RETURN,30.000000,26.129369,0.091386,-0.004283,3.870631
25.500000,RETURN,30.000000,26.182773,0.093206,-0.004203,3.817227
25.510000,RETURN,30.000000,26.237134,0.094879,-0.004123,3.762866
25.520000,RETURN,30.000000,26.292374,0.096411,-0.004042,3.707626
25.530000,RETURN,30.000000,26.348412,0.097806,-0.003962,3.651588
25.540000,RETURN,30.000000,26.405174,0.099067,-0.003882,3.594826
25.550000,RETURN,30.000000,26.462584,0.100200,-0.003801,3.537416
25.560000,RETURN,30.000000,26.520572,0.101208,-0.003721,3.479428
25.570000,RETURN,30.000000,26.579068,0.102095,-0.003641,3.420932
25.580000,RETURN,30.000000,26.638006,0.102866,-0.003561,3.361994
25.590000,RETURN,30.000000,26.697321,0.103524,-0.003482,3.302679
25.600000,RETURN,30.000000,26.756951,0.104074,-0.003403,3.243049
25.610000,RETURN,30.000000,26.816836,0.104518,-0.003324,3.183164
25.620000,RETURN,30.000000,26.876917,0.104862,-0.003246,3.123083
25.630000,RETURN,30.000000,26.937139,0.105108,-0.003168,3.062861
25.640000,RETURN,30.000000,26.997449,0.105260,-0.003091,3.002551
25.650000,RETURN,30.000000,27.057794,0.105321,-0.003014,2.942206
25.660000,RETURN,30.000000,27.118124,0.105296,-0.002938,2.881876
25.670000,RETURN,30.000000,27.178392,0.105188,-0.002862,2.821608
25.680000,RETURN,30.000000,27.238553,0.105000,-0.002788,2.761447
25.690000,RETURN,30.000000,27.298561,0.104734,-0.002714,2.701439
25.700000,RETURN,30.000000,27.358375,0.104396,-0.002640,2.641625
25.710000,RETURN,30.000000,27.417956,0.103987,-0.002568,2.582044
25.720000,RETURN,30.000000,27.477263,0.103511,-0.002496,2.522737
25.730000,RETURN,30.000000,27.536261,0.102970,-0.002425,2.463739
25.740000,RETURN,30.000000,27.594914,0.102369,-0.002355,2.405086
25.750000,RETURN,30.000000,27.653188,0.101709,-0.002286,2.346812
25.760000,RETURN,30.000000,27.711053,0.100993,-0.002217,2.288947
25.770000,RETURN,30.000000,27.768478,0.100225,-0.002150,2.231522
25.780000,RETURN,30.000000,27.825434,0.099406,-0.002083,2.174566
25.790000,RETURN,30.000000,27.881893,0.098540,-0.002018,2.118107
25.800000,RETURN,30.000000,27.937831,0.097630,-0.001953,2.062169
25.810000,RETURN,30.000000,27.993222,0.096676,-0.001890,2.006778
25.820000,RETURN,30.000000,28.048044,0.095683,-0.001827,1.951956
25.830000,RETURN,30.000000,28.102276,0.094652,-0.001765,1.897724
25.840000,RETURN,30.000000,28.155896,0.093586,-0.001705,1.844104
25.850000,RETURN,30.000000,28.208887,0.092486,-0.001645,1.791113
25.860000,RETURN,30.000000,28.261230,0.091356,-0.001587,1.738770
25.870000,RETURN,30.000000,28.312909,0.090197,-0.001529,1.687091
25.880000,RETURN,30.000000,28.363909,0.089011,-0.001473,1.636091
25.890000,RETURN,30.000000,28.414215,0.087801,-0.001417,1.585785
25.900000,RETURN,30.000000,28.463815,0.086568,-0.001363,1.536185
25.910000,RETURN,30.000000,28.512696,0.085313,-0.001309,1.487304
25.920000,RETURN,30.000000,28.560847,0.084040,-0.001257,1.439153
25.930000,RETURN,30.000000,28.608259,0.082750,-0.001206,1.391741
25.940000,RETURN,30.000000,28.654923,0.081443,-0.001155,1.345077
25.950000,RETURN,30.000000,28.700830,0.080123,-0.001106,1.299170
25.960000,RETURN,30.000000,28.745974,0.078791,-0.001058,1.254026
25.970000,RETURN,30.000000,28.790349,0.077448,-0.001011,1.209651
25.980000,RETURN,30.000000,28.833948,0.076096,-0.000965,1.166052
25.990000,RETURN,30.000000,28.876768,0.074735,-0.000920,1.123232
26.000000,RETURN,30.000000,28.918806,0.073369,-0.000876,1.081194
26.010000,RETURN,30.000000,28.960057,0.071997,-0.000833,1.039943
26.020000,RETURN,30.000000,29.000520,0.070621,-0.000791,0.999480
